标题,名称,識別碼,原始番号,發行日期,長度,導演,製作商,發行商,系列,類別,演員,详情页,详情简介
SNOS-313 最強ヒロインの全部でオナニーしようよ【ベロキス・フェラ・パイズリ・手コキ・脚コキ・美顔面・おま●こ特化】全身全技ズリネタコンプリート 極上オナニーサポート 瀬戸環奈,SNOS-313 最強ヒロインの全部でオナニーしようよ【ベロキス・フェラ・パイズリ・手コキ・脚コキ・美顔面・おま●こ特化】全身全技ズリネタコンプリート 極上オナニーサポート 瀬戸環奈,SNOS-313,,2026-09-04,182分鐘,タイガー小堺,エスワン ナンバーワンスタイル,S1 NO.1 STYLE,,口交、乳交、乳房、高畫質、顏射、アクメ・オーガズム、單體作品、4K、DMM獨家,瀬戸環奈,https://www.javbus.com/SNOS-313,
SNOS-334 最強ビジュOLさん、出張先で死ぬほど嫌いな中年上司と相部屋… でも過激セクハラにまさかの快楽堕ちしちゃう！ 瀬戸環奈,SNOS-334 最強ビジュOLさん、出張先で死ぬほど嫌いな中年上司と相部屋… でも過激セクハラにまさかの快楽堕ちしちゃう！ 瀬戸環奈,SNOS-334,,2026-08-07,159分鐘,肉尊,エスワン ナンバーワンスタイル,S1 NO.1 STYLE,,苗條、第一人稱攝影、高畫質、出軌、巨乳、お風呂、單體作品、4K、DMM獨家,瀬戸環奈,https://www.javbus.com/SNOS-334,
OFJE-653 最強ヒロイン 瀬戸環奈 ベストコレクション,OFJE-653 最強ヒロイン 瀬戸環奈 ベストコレクション,OFJE-653,,2026-07-24,722分鐘,,エスワン ナンバーワンスタイル,S1 NO.1 STYLE,S1 GIRLS COLLECTION,乳交、美少女、4小時以上作品、高畫質、顏射、女優ベスト・総集編、巨乳、單體作品、DMM獨家,瀬戸環奈,https://www.javbus.com/OFJE-653,
SNOS-258 最強ヒロインの 濃厚フェラチオと 大量顔射 瀬戸環奈,SNOS-258 最強ヒロインの 濃厚フェラチオと 大量顔射 瀬戸環奈,SNOS-258,,2026-07-10,153分鐘,赤井彗星,エスワン ナンバーワンスタイル,S1 NO.1 STYLE,,苗條、口交、美少女、高畫質、顏射、巨乳、單體作品、4K、DMM獨家,瀬戸環奈,https://www.javbus.com/SNOS-258,
SNOS-209 最強ヒロインが アナタのちんちん100％支配… 24時間犯してあげる 瀬戸環奈,SNOS-209 最強ヒロインが アナタのちんちん100％支配… 24時間犯してあげる 瀬戸環奈,SNOS-209,,2026-06-04,168分鐘,ぬまモン,エスワン ナンバーワンスタイル,S1 NO.1 STYLE,,角色扮演、蕩婦、口交、高畫質、巨乳、單體作品、4K、DMM獨家、打手槍,瀬戸環奈,https://www.javbus.com/SNOS-209,
SIVR-490 【VR】手繋いで、見つめあって、告白されて…一晩中イチャイチャ初めてのお泊まりデート 瀬戸環奈の恋人になれるVR,SIVR-490 【VR】手繋いで、見つめあって、告白されて…一晩中イチャイチャ初めてのお泊まりデート 瀬戸環奈の恋人になれるVR,SIVR-490,,2026-06-04,86分鐘,ZAMPA,エスワン ナンバーワンスタイル,S1 VR,S1 VR,乳交、情侶、主觀視角、キス・接吻、VR専用、ハイクオリティVR、デート、單體作品、DMM獨家、8KVR,瀬戸環奈,https://www.javbus.com/SIVR-490,
SNOS-183 最強ヒロインと 一緒に終電逃して ホテル泊まって 朝までヤリたい！ 瀬戸環奈,SNOS-183 最強ヒロインと 一緒に終電逃して ホテル泊まって 朝までヤリたい！ 瀬戸環奈,SNOS-183,,2026-05-07,156分鐘,イナバール,エスワン ナンバーワンスタイル,S1 NO.1 STYLE,,口交、美少女、乳房、高畫質、顏射、巨乳、單體作品、4K、DMM獨家,瀬戸環奈,https://www.javbus.com/SNOS-183,
OAE-302 ♀ 瀬戸環奈,OAE-302 ♀ 瀬戸環奈,OAE-302,,2026-04-23,115分鐘,Paul Dodd,Aircontrol,,♀ ヴィナス,介紹影片、高畫質、單體作品、4K、DMM獨家,瀬戸環奈,https://www.javbus.com/OAE-302,
SNOS-131 最強ヒロインが壊れるほどの快楽を！ 禁欲・おっぱい性感開発・焦らし・媚薬・追撃ピストン・目隠し拘束・大量玩具責め・全部のせ！ やりすぎエクスタシー 瀬戸環奈,SNOS-131 最強ヒロインが壊れるほどの快楽を！ 禁欲・おっぱい性感開発・焦らし・媚薬・追撃ピストン・目隠し拘束・大量玩具責め・全部のせ！ やりすぎエクスタシー 瀬戸環奈,SNOS-131,,2026-04-09,178分鐘,苺原,エスワン ナンバーワンスタイル,S1 NO.1 STYLE,,花癡、美少女、高畫質、アクメ・オーガズム、M女、單體作品、4K、DMM獨家,瀬戸環奈,https://www.javbus.com/SNOS-131,
SNOS-093 彼女の妹は最強ヒロイン！？ 僕を好きになりコッソリ迫られる 世界最高の浮気誘惑 瀬戸環奈,SNOS-093 彼女の妹は最強ヒロイン！？ 僕を好きになりコッソリ迫られる 世界最高の浮気誘惑 瀬戸環奈,SNOS-093,,2026-03-05,168分鐘,ぬまモン,エスワン ナンバーワンスタイル,S1 NO.1 STYLE,,乳交、姐妹、主觀視角、高畫質、戀愛、巨乳、單體作品、4K、DMM獨家,瀬戸環奈,https://www.javbus.com/SNOS-093,
SNOS-064 最強ヒロインが身も心もトロけさせちゃう楽園メンズエステ 瀬戸環奈,SNOS-064 最強ヒロインが身も心もトロけさせちゃう楽園メンズエステ 瀬戸環奈,SNOS-064,,2026-02-05,170分鐘,ゆる子,エスワン ナンバーワンスタイル,S1 NO.1 STYLE,,乳交、美少女、美容院、按摩、高畫質、巨乳、單體作品、4K、DMM獨家,瀬戸環奈,https://www.javbus.com/SNOS-064,
SNOS-038 AVデビュー1周年記念作品 最強ヒロインとSEXできるファン感謝祭 瀬戸環奈,SNOS-038 AVデビュー1周年記念作品 最強ヒロインとSEXできるファン感謝祭 瀬戸環奈,SNOS-038,,2026-01-08,126分鐘,タイガー小堺,エスワン ナンバーワンスタイル,S1 NO.1 STYLE,,苗條、美少女、高畫質、顏射、ファン感謝・訪問、巨乳、單體作品、4K、DMM獨家,瀬戸環奈,https://www.javbus.com/SNOS-038,
FWAY-088 MONSTER 瀬戸環奈,FWAY-088 MONSTER 瀬戸環奈,FWAY-088,,2026-01-08,118分鐘,,FAIR＆WAY,FAIR＆WAY,,角色扮演、苗條、高、介紹影片、高畫質、巨乳、單體作品、4K、DMM獨家,瀬戸環奈,https://www.javbus.com/FWAY-088,
SONE-991 最強ヒロインが彼女になって毎日ヌイてくれるイチャラブ半同棲 瀬戸環奈,SONE-991 最強ヒロインが彼女になって毎日ヌイてくれるイチャラブ半同棲 瀬戸環奈,SONE-991,,2025-12-04,160分鐘,K.C.武田,エスワン ナンバーワンスタイル,S1 NO.1 STYLE,,乳交、美少女、主觀視角、高畫質、キス・接吻、オナサポ、單體作品、4K、DMM獨家,瀬戸環奈,https://www.javbus.com/SONE-991,
SONE-974 最強ヒロインと超キス キス キス ディープな接吻セックス 瀬戸環奈,SONE-974 最強ヒロインと超キス キス キス ディープな接吻セックス 瀬戸環奈,SONE-974,,2025-11-06,146分鐘,ラムチョップ,エスワン ナンバーワンスタイル,S1 NO.1 STYLE,,美少女、女上位、高畫質、キス・接吻、汗だく、巨乳、單體作品、4K、DMM獨家,瀬戸環奈,https://www.javbus.com/SONE-974,
SONE-912 最強ヒロインのパイズリ挟射 瀬戸環奈,SONE-912 最強ヒロインのパイズリ挟射 瀬戸環奈,SONE-912,,2025-10-09,171分鐘,TAKE-D,エスワン ナンバーワンスタイル,S1 NO.1 STYLE,,乳交、多P、主觀視角、高畫質、顏射、巨乳、單體作品、4K、DMM獨家,瀬戸環奈,https://www.javbus.com/SONE-912,
OAE-291 裸神 瀬戸環奈,OAE-291 裸神 瀬戸環奈,OAE-291,,2025-09-18,103分鐘,Paul Dodd,Aircontrol,,裸神,介紹影片、高畫質、單體作品、4K、DMM獨家,瀬戸環奈,https://www.javbus.com/OAE-291,
SIVR-444 【VR】VR NO.1 STYLE 最強ヒロイン 瀬戸環奈 解禁 せとかんとSEXできるVR 瀬戸環奈,SIVR-444 【VR】VR NO.1 STYLE 最強ヒロイン 瀬戸環奈 解禁 せとかんとSEXできるVR 瀬戸環奈,SIVR-444,,2025-09-11,78分鐘,ZAMPA,エスワン ナンバーワンスタイル,S1 VR,S1 VR,乳交、女上位、主觀視角、キス・接吻、VR専用、巨乳、ハイクオリティVR、單體作品、DMM獨家、8KVR,瀬戸環奈,https://www.javbus.com/SIVR-444,
SONE-846 絶頂の向こう側へ 最強ヒロインに巨根ピストンを 瀬戸環奈,SONE-846 絶頂の向こう側へ 最強ヒロインに巨根ピストンを 瀬戸環奈,SONE-846,,2025-09-04,172分鐘,苺原,エスワン ナンバーワンスタイル,S1 NO.1 STYLE,,潮吹、花癡、高畫質、デカチン・巨根、巨乳、アクメ・オーガズム、單體作品、4K、DMM獨家,瀬戸環奈,https://www.javbus.com/SONE-846,
SONE-811 1000年に一人の女子〇生から求愛を受けた担任教師は全てを捨て教え子との禁断性交に溺れた。 瀬戸環奈,SONE-811 1000年に一人の女子〇生から求愛を受けた担任教師は全てを捨て教え子との禁断性交に溺れた。 瀬戸環奈,SONE-811,,2025-08-07,158分鐘,昇天シロー,エスワン ナンバーワンスタイル,S1 NO.1 STYLE,,戀乳癖、美少女、制服、高畫質、高中女生、アクメ・オーガズム、單體作品、4K、DMM獨家,瀬戸環奈,https://www.javbus.com/SONE-811,
SONE-758 最強ヒロインと最高のオナニー体験を！セトカンが全力でちんしこサポート夢の8コーナー3時間スペシャル 瀬戸環奈,SONE-758 最強ヒロインと最高のオナニー体験を！セトカンが全力でちんしこサポート夢の8コーナー3時間スペシャル 瀬戸環奈,SONE-758,,2025-07-04,183分鐘,イナバール,エスワン ナンバーワンスタイル,S1 NO.1 STYLE,,乳交、偶像藝人、主觀視角、高畫質、オナサポ、巨乳、單體作品、4K、DMM獨家,瀬戸環奈,https://www.javbus.com/SONE-758,
SONE-720 最強ヒロインに会える風俗店 瀬戸環奈,SONE-720 最強ヒロインに会える風俗店 瀬戸環奈,SONE-720,,2025-06-06,187分鐘,U吉,エスワン ナンバーワンスタイル,S1 NO.1 STYLE,,乳交、偶像藝人、妓女、高畫質、顏射、巨乳、單體作品、4K、DMM獨家,瀬戸環奈,https://www.javbus.com/SONE-720,
SONE-682 最強ヒロインの潜在的エロス爆発 瀬戸環奈,SONE-682 最強ヒロインの潜在的エロス爆発 瀬戸環奈,SONE-682,,2025-05-09,120分鐘,苺原,エスワン ナンバーワンスタイル,S1 NO.1 STYLE,,偶像藝人、花癡、多P、高畫質、巨乳、アクメ・オーガズム、單體作品、4K、DMM獨家,瀬戸環奈,https://www.javbus.com/SONE-682,
OAE-275 ALL NUDE 瀬戸環奈,OAE-275 ALL NUDE 瀬戸環奈,OAE-275,,2025-04-18,122分鐘,,Aircontrol,,ALL NUDE,介紹影片、高畫質、單體作品、4K、DMM獨家,瀬戸環奈,https://www.javbus.com/OAE-275,
SONE-638 最強ヒロインの素顔とリアルセックスが見たい！筋書きなしで性欲のままに何度もずっと求め合うエロくて生々しい2泊3日SEXデート 瀬戸環奈,SONE-638 最強ヒロインの素顔とリアルセックスが見たい！筋書きなしで性欲のままに何度もずっと求め合うエロくて生々しい2泊3日SEXデート 瀬戸環奈,SONE-638,,2025-04-04,167分鐘,U吉,エスワン ナンバーワンスタイル,S1 NO.1 STYLE,,第一人稱攝影、乳交、偶像藝人、高畫質、巨乳、デート、單體作品、4K、DMM獨家,瀬戸環奈,https://www.javbus.com/SONE-638,
SONE-615 最強ヒロインAV初体験3本番 瀬戸環奈,SONE-615 最強ヒロインAV初体験3本番 瀬戸環奈,SONE-615,,2025-03-07,197分鐘,キョウセイ,エスワン ナンバーワンスタイル,S1 NO.1 STYLE,,玩具、乳交、多P、高畫質、巨乳、アクメ・オーガズム、單體作品、4K、DMM獨家,瀬戸環奈,https://www.javbus.com/SONE-615,
SONE-614 新人NO.1 STYLE 最強ヒロイン瀬戸環奈AVデビュー,SONE-614 新人NO.1 STYLE 最強ヒロイン瀬戸環奈AVデビュー,SONE-614,,2025-01-24,148分鐘,豆沢豆太郎,エスワン ナンバーワンスタイル,S1 NO.1 STYLE,新人NO.1 STYLE,苗條、乳交、首次亮相、高畫質、顏射、巨乳、單體作品、4K、DMM獨家,瀬戸環奈,https://www.javbus.com/SONE-614,
