番号,类型,年份,Javbus里有,文件名
BML-016,单人,2008,是,单人_2008年10月2日_BML-016 巨乳人妻援●交際中出し 中林礼子 30歳_sigil.xhtml
CADR-225,单人,2008,是,单人_2008年6月5日_CADR-225 MEGAグラマラス100cmHカップ 中森玲子_sigil.xhtml
KOP-026,单人,2008,是,单人_2008年11月27日_KOP-026 友人の妻 巨大爆乳輪に負けたオレの理性 中森玲子_sigil.xhtml
NWJK-026,单人,2008,是,单人_2008年6月5日_NWJK-026 真・奥さん乳揉みですよ！！ 中森玲子_sigil.xhtml
NWJK-038,单人,2008,是,单人_2008年9月18日_NWJK-038 ママの巨乳で癒されたい 中森玲子_sigil.xhtml
SCD-022,单人,2008,是,单人_2008年12月18日_SCD-022 禁断介護22 ～絶倫義父の虜になった爆乳嫁～_sigil.xhtml
TDBT-009,单人,2008,是,单人_2008年11月7日_TDBT-009 爆乳女医の訪問診療 中森玲子_sigil.xhtml
013109-975,单人,2009,是,单人_2009年1月31日_013109-975 ダイナマイト_sigil.xhtml
032509-019,单人,2009,是,单人_2009年3月25日_032509-019 ふしだらの虜 Vol.8_sigil.xhtml
DGKD-265S,单人,2009,是,单人_2009年6月19日_DGKD-265S 熟女霊 最後の一滴まで搾り取ってあげる 中森玲子_sigil.xhtml
DGKD-270S,单人,2009,是,单人_2009年7月24日_DGKD-270S 禁断の巨乳母 義母さん、もう俺ガマンできないよ 中森玲子_sigil.xhtml
EMRD-003,单人,2009,是,单人_2009年10月19日_EMRD-003 若妻の豊満な肉体に食い込む競泳水着は唾液、ローション、マン汁まみれ！！ 中森玲子_sigil.xhtml
ETC-013,单人,2009,是,单人_2009年7月2日_ETC-013 巨乳診断書2 中森玲子_sigil.xhtml
MBOX-025,单人,2009,是,单人_2009年1月3日_MBOX-025 中森玲子でござひます 4時間_sigil.xhtml
NBD-025,单人,2009,是,单人_2009年6月1日_NBD-025 巨乳どれい4 中森玲子_sigil.xhtml
NRYO-009,单人,2009,是,单人_2009年7月9日_NRYO-009 婚約者の父親に見初められ淫靡の協定の餌食となった美人OL。_sigil.xhtml
RHJ-100,单人,2009,是,单人_2009年7月21日_RHJ-100 レッドホットジャム Vol.100 ふしだらの虜 _ 中森玲子_sigil.xhtml
RNADE-574,单人,2009,是,单人_2009年8月26日_RNADE-574 犯された社長夫人_sigil.xhtml
RNADE-622,单人,2009,是,单人_2009年12月18日_RNADE-622 友達の爆乳義母 中森玲子_sigil.xhtml
RRNJ-003,单人,2009,是,单人_2009年1月23日_RRNJ-003 背徳熟母 中森玲子_sigil.xhtml
SUN-019,单人,2009,是,单人_2009年10月14日_SUN-019 ボイン大好きしょう太くんのHなイタズラ 中森玲子_sigil.xhtml
AV-031,单人,2010,是,单人_2010年12月26日_AV-031 下宿屋の痴母 5 中森玲子_sigil.xhtml
BWSD-064,单人,2010,是,单人_2010年10月4日_BWSD-064 後家と隣人 5 中森玲子_sigil.xhtml
DGKD-305S,单人,2010,是,单人_2010年4月16日_DGKD-305S 中森玲子完全版 4時間_sigil.xhtml
PST-008D,单人,2010,是,单人_2010年3月29日_PST-008D 「飼育の虜」 変態マゾ男とペニバン女 【第八章】_sigil.xhtml
RNADE-770,单人,2010,是,单人_2010年7月23日_RNADE-770 方言ドラマ 近親上京物語 九州編_sigil.xhtml
WF-084D,单人,2010,是,单人_2010年2月28日_WF-084D 誘惑ミセス 84 中森玲子_sigil.xhtml
ZOW-020,单人,2010,是,单人_2010年6月9日_ZOW-020 人妻恥悦旅行 中森玲子_sigil.xhtml
ADVR-454,单人,2011,是,单人_2011年7月19日_ADVR-454 縄ぬれ巨乳 中森玲子_sigil.xhtml
ADVR-459,单人,2011,是,单人_2011年8月23日_ADVR-459 極乳マゾ愛奴_sigil.xhtml
MFD-083,单人,2011,是,单人_2011年7月17日_MFD-083 M的願望症候群 中森玲子_sigil.xhtml
TMG-018,单人,2011,是,单人_2011年3月9日_TMG-018 溜池ゴローを愛した女 私、女として本当の悦びを知りました。美熟女シリーズ 第12弾_sigil.xhtml
ZKCD-001,单人,2011,是,单人_2011年11月7日_ZKCD-001 巨尻鎮座 中森玲子_sigil.xhtml
CO-4687,单人,2012,是,单人_2012年2月23日_CO-4687 巨乳熟女を味わう「中森玲子」_sigil.xhtml
JUKUJO-3985,单人,2012,是,单人_2012年9月20日_Jukujo-3985 中森玲子 初裏無修正動画 100cmHカップの爆乳三十路のエロすぎるセックス 第1話_sigil.xhtml
JUKUJO-3986,单人,2012,是,单人_2012年9月25日_Jukujo-3986 中森玲子 初裏無修正動画 100cmHカップの爆乳三十路のエロすぎるセックス 第2話_sigil.xhtml
JUKUJO-3987,单人,2012,是,单人_2012年9月29日_Jukujo-3987 中森玲子 初裏無修正動画 100cmHカップの爆乳三十路のエロすぎるセックス 第3話_sigil.xhtml
JUKUJO-4097,单人,2012,是,单人_2012年11月21日_Jukujo-4097 着エロ美熟女 中森玲子 第1話_sigil.xhtml
JUKUJO-4099,单人,2012,是,单人_2012年11月23日_Jukujo-4099 着エロ美熟女 中森玲子 第2話_sigil.xhtml
JUKUJO-4105,单人,2012,是,单人_2012年11月28日_Jukujo-4105 着エロ美熟女 中森玲子 第3話_sigil.xhtml
ZKKK-008,单人,2013,是,单人_2013年10月7日_ZKKK-008 巨尻SPECIAL 中森玲子_sigil.xhtml
BS-010,单人,2015,是,单人_2015年2月26日_BS-010 M男ドキュメント 極限の絶望 02 顔面騎乗に死す 中森玲子_sigil.xhtml
HIGH-026,单人,2017,是,单人_2017年11月20日_HIGH-026 仕事中のSEXってメチャクチャ燃える！ 中森玲子_sigil.xhtml
SND-012,单人,2017,是,单人_2017年6月23日_SND-012 吸淫フェラバスター 肉感バキュームガール 中森玲子_sigil.xhtml
KBKD-365,单人,2019,是,单人_2019年9月25日_KBKD-365 三十路妻中出しドキュメント 中森玲子 志乃_sigil.xhtml
MCSR-7101,单人,2021,是,单人_2021年3月27日_MCSR-7101 中森玲子 from 中出しお義母さんが教えてあげる 息子との情事でオンナに戻る母たち_sigil.xhtml
GML-114,单人,2023,是,单人_2023年9月17日_GML-114 高級住宅街に住む美人のセレブ妻を近所で働く年収200万円の派遣労働者がレ●プ！！ パート2 中森玲子_sigil.xhtml
AIKSD-012,单人,2025,是,单人_2025年5月30日_AIKSD-012 【AIリマスター版】しつけてください 若妻・奴●志願 中森玲子_sigil.xhtml
JQRE-012,单人,2025,是,单人_2025年4月22日_JQRE-012 【AIリマスター】丸ごと！中森玲子 SPECIAL16時間 ～マドンナ出演作19タイトル完全網羅～_sigil.xhtml
JQRE-030,单人,2026,是,单人_2026年8月11日_JQRE-030 【AIリマスター】ジョギング・ミセス 中森玲子_sigil.xhtml
FKBD-016,多人,2024,是,多人_2024年9月24日_FKBD-016 【福袋】しつけてください32時間！ シリーズ18タイトルまるごと 1962分！緊縛に悶える美人妻18名_sigil.xhtml
NAGAE-018,多人,2024,是,多人_2024年8月15日_NAGAE-018 【AIリマスター版】【夏の超お得セット】不倫淫乱妻 オールAIリマスター総勢38人21時間_sigil.xhtml
VHDX-007,多人,2024,是,多人_2024年6月11日_VHDX-007 解禁！初HD化作品 まるごと収録BOX 7 30作品 42時間55分_sigil.xhtml
VHDX-009,多人,2024,是,多人_2024年7月9日_VHDX-009 解禁！初HD化作品 まるごと収録BOX 9 30作品 45時間10分_sigil.xhtml
VHDX-010,多人,2024,是,多人_2024年7月23日_VHDX-010 解禁！初HD化作品 まるごと収録BOX 10 29作品 44時間25分_sigil.xhtml
VHDX-012,多人,2024,是,多人_2024年8月27日_VHDX-012 解禁！初HD化作品 まるごと収録BOX 12 30作品 45時間0分_sigil.xhtml
VHDX-014,多人,2024,是,多人_2024年9月24日_VHDX-014 解禁！初HD化作品 まるごと収録BOX 14 30作品 46時間40分_sigil.xhtml
VHDX-016,多人,2024,是,多人_2024年9月29日_VHDX-016 解禁！初HD化作品 まるごと収録BOX 16 15作品 1420分_sigil.xhtml
FXAIH-354,多人,2025,是,多人_2025年1月31日_FXAIH-354 【AIリマスター版】ヘンリー塚本監督作品 昭和性犯罪 通り魔犯行_sigil.xhtml
FXAIH-361,多人,2025,是,多人_2025年4月30日_FXAIH-361 【AIリマスター版】ヘンリー塚本監督作品 奴●制度復活 性欲処理専用人間_sigil.xhtml
JQRE-018,多人,2025,是,多人_2025年8月11日_JQRE-018 【AIリマスター】マドンナファンの集い 美熟女と行く混浴温泉バスツアー 4 翔田千里 友田真希 北原夏美 倖田李梨_sigil.xhtml
OOMNVD-005,多人,2025,是,多人_2025年1月1日_OOMNVD-005 人妻達の日常風景 無防備チラリズムBEST 胸チラ・パンチラ 85名 7時間_sigil.xhtml
ZOOO-185,多人,2025,是,多人_2025年3月18日_ZOOO-185 黒人輪●凌● 日本人美熟女に突き刺さる規格外デカチン！！ えげつないマ●コ破壊中出しFUCK！！ 11名収録 240分_sigil.xhtml
ZOOO-201,多人,2025,是,多人_2025年6月12日_ZOOO-201 白昼の悪夢 極悪男に蹂躙された美熟女たち 慰み者となり見知らぬ男の肉棒を捩じ込まれ嗚咽まじりにイキ悶える！！ 12名収録 240分_sigil.xhtml
FXAIH-346,多人,2026,是,多人_2026年6月27日_FXAIH-346 【AIリマスター版】 ヘンリー塚本監督作品 三十路女の世間によくある話し 熟女_sigil.xhtml
HYAS-147,多人,2026,是,多人_2026年3月20日_HYAS-147 濃密熟女浴場 泡々ぬるベチョ快楽ご奉仕で至高の射精に導く濃厚ソープ 100人 8時間_sigil.xhtml
MCSR-51302,多人,2026,是,多人_2026年4月24日_MCSR-51302 落ちる団地妻_sigil.xhtml
MCSR-62704,多人,2026,是,多人_2026年4月24日_MCSR-62704 巨乳どころじゃないデカ乳！！爆揺れおっぱい＆情報量が多すぎるドスケベセックス_sigil.xhtml
OOMNVD-011,多人,2026,是,多人_2026年1月31日_OOMNVD-011 【限界85連発】無防備なパンチラ・胸チラ・着替え 生々しく覗く無警戒な人妻の日常生活_sigil.xhtml
013109-975,无码,2009,是,无码_单人_2009年1月31日_013109-975 ダイナマイト_sigil.xhtml
032509-019,无码,2009,是,无码_单人_2009年3月25日_032509-019 ふしだらの虜 Vol.8_sigil.xhtml
RHJ-100,无码,2009,是,无码_单人_2009年7月21日_RHJ-100 レッドホットジャム Vol.100 ふしだらの虜 _ 中森玲子_sigil.xhtml
061210-398,无码,2010,是,无码_多人_2010年6月12日_061210-398 爆乳セレクション Vol.1_sigil.xhtml
RHJ-155,无码,2010,是,"无码_多人_2010年8月24日_RHJ-155 レッドホットジャム Vol.155 レッドホットジャム スペシャルボックス 女優14名 240分 _ 小澤アリア, 伊東美咲風, 中森玲子, 織澤リル, 長月ラム, 椎名りく, 月野姫, 水朝美樹,_sigil.xhtml"
JUKUJO-3985,无码,2012,是,无码_单人_2012年9月20日_Jukujo-3985 中森玲子 初裏無修正動画 100cmHカップの爆乳三十路のエロすぎるセックス 第1話_sigil.xhtml
JUKUJO-3986,无码,2012,是,无码_单人_2012年9月25日_Jukujo-3986 中森玲子 初裏無修正動画 100cmHカップの爆乳三十路のエロすぎるセックス 第2話_sigil.xhtml
JUKUJO-3987,无码,2012,是,无码_单人_2012年9月29日_Jukujo-3987 中森玲子 初裏無修正動画 100cmHカップの爆乳三十路のエロすぎるセックス 第3話_sigil.xhtml
JUKUJO-4097,无码,2012,是,无码_单人_2012年11月21日_Jukujo-4097 着エロ美熟女 中森玲子 第1話_sigil.xhtml
JUKUJO-4099,无码,2012,是,无码_单人_2012年11月23日_Jukujo-4099 着エロ美熟女 中森玲子 第2話_sigil.xhtml
JUKUJO-4105,无码,2012,是,无码_单人_2012年11月28日_Jukujo-4105 着エロ美熟女 中森玲子 第3話_sigil.xhtml
JUKUJO-5623,无码,2015,是,无码_双人_2015年4月11日_Jukujo-5623 極上のズリネタ女 中森玲子 川峯さくら編_sigil.xhtml
JUKUJO-5631,无码,2015,是,无码_双人_2015年4月18日_Jukujo-5631 極上のズリネタ女 中森玲子編_sigil.xhtml
JAV-98426,无码,2016,是,无码_多人_2016年11月3日_JAV-98426 ジャパニーズ BJs_sigil.xhtml
