标题,名称,識別碼,發行日期,長度,導演,製作商,發行商,系列,類別,演員,详情页
Jukujo-4105 着エロ美熟女 中森玲子 第3話,Jukujo-4105 着エロ美熟女 中森玲子 第3話,Jukujo-4105,2012-11-28,45分鐘,,熟女倶楽部,,,,中森玲子,https://www.javbus.com/Jukujo-4105
Jukujo-4099 着エロ美熟女 中森玲子 第2話,Jukujo-4099 着エロ美熟女 中森玲子 第2話,Jukujo-4099,2012-11-23,49分鐘,,熟女倶楽部,,,,中森玲子,https://www.javbus.com/Jukujo-4099
Jukujo-4097 着エロ美熟女 中森玲子 第1話,Jukujo-4097 着エロ美熟女 中森玲子 第1話,Jukujo-4097,2012-11-21,42分鐘,,熟女倶楽部,,,,中森玲子,https://www.javbus.com/Jukujo-4097
Jukujo-3987 中森玲子 初裏無修正動画 100cmHカップの爆乳三十路のエロすぎるセックス 第3話,Jukujo-3987 中森玲子 初裏無修正動画 100cmHカップの爆乳三十路のエロすぎるセックス 第3話,Jukujo-3987,2012-09-29,40分鐘,,熟女倶楽部,,,,中森玲子,https://www.javbus.com/Jukujo-3987
Jukujo-3986 中森玲子 初裏無修正動画 100cmHカップの爆乳三十路のエロすぎるセックス 第2話,Jukujo-3986 中森玲子 初裏無修正動画 100cmHカップの爆乳三十路のエロすぎるセックス 第2話,Jukujo-3986,2012-09-25,42分鐘,,熟女倶楽部,,,,中森玲子,https://www.javbus.com/Jukujo-3986
Jukujo-3985 中森玲子 初裏無修正動画 100cmHカップの爆乳三十路のエロすぎるセックス 第1話,Jukujo-3985 中森玲子 初裏無修正動画 100cmHカップの爆乳三十路のエロすぎるセックス 第1話,Jukujo-3985,2012-09-20,53分鐘,,熟女倶楽部,,,,中森玲子,https://www.javbus.com/Jukujo-3985
RHJ-100 レッドホットジャム Vol.100 ふしだらの虜 : 中森玲子,RHJ-100 レッドホットジャム Vol.100 ふしだらの虜 : 中森玲子,RHJ-100,2009-07-21,120分鐘,,レッドホットコレクション,,レッドホットジャム,,中森玲子,https://www.javbus.com/RHJ-100
032509-019 ふしだらの虜 Vol.8,032509-019 ふしだらの虜 Vol.8,032509-019,2009-03-25,60分鐘,,カリビアンコム,,カリビアンコム,振動、舔陰、內射、巨乳、痴女、乳交、口內射精、口交、獨佔動畫、人氣系列,中森玲子,https://www.javbus.com/032509-019
013109-975 ダイナマイト,013109-975 ダイナマイト,013109-975,2009-01-31,60分鐘,,カリビアンコム,,カリビアンコム,振動、亂交、顏射、舔陰、手淫、內射、乳交、美臀、首次、口交、獨佔動畫,中森玲子,https://www.javbus.com/013109-975
JQRE-030 【AIリマスター】ジョギング・ミセス 中森玲子,JQRE-030 【AIリマスター】ジョギング・ミセス 中森玲子,JQRE-030,2026-08-11,118分鐘,,マドンナ,Re:Madonna/AIリマスター,○○・ミセス,成熟的女人、野外・露出、已婚婦女、通姦、高畫質、アスリート、單體作品、DMM獨家,中森玲子,https://www.javbus.com/JQRE-030
AIKSD-012 【AIリマスター版】しつけてください 若妻・奴●志願 中森玲子,AIKSD-012 【AIリマスター版】しつけてください 若妻・奴●志願 中森玲子,AIKSD-012,2025-05-30,106分鐘,,ドリームチケット,WAAPグループ AIリマスター,しつけてください,SM、紧缚、已婚婦女、凌辱、高畫質、單體作品,中森玲子,https://www.javbus.com/AIKSD-012
JQRE-012 【AIリマスター】丸ごと！中森玲子 SPECIAL16時間 ～マドンナ出演作19タイトル完全網羅～,JQRE-012 【AIリマスター】丸ごと！中森玲子 SPECIAL16時間 ～マドンナ出演作19タイトル完全網羅～,JQRE-012,2025-04-22,959分鐘,,マドンナ,Re:Madonna/AIリマスター,丸ごと！○○8時間,蕩婦、成熟的女人、已婚婦女、4小時以上作品、高畫質、女優ベスト・総集編、巨乳、單體作品、DMM獨家,中森玲子,https://www.javbus.com/JQRE-012
GML-114 高級住宅街に住む美人のセレブ妻を近所で働く年収200万円の派遣労働者がレ●プ！！ パート2 中森玲子,GML-114 高級住宅街に住む美人のセレブ妻を近所で働く年収200万円の派遣労働者がレ●プ！！ パート2 中森玲子,GML-114,2023-09-17,36分鐘,,グローバルメディアエンタテインメント,グローバルメディアライト,高級住宅街に住む美人のセレブ妻を近所で働く年収200万円の派遣労働者がレ●プ！！,成熟的女人、口交、已婚婦女、新娘、年輕妻子、凌辱、中出、高畫質、出軌、戲劇、單體作品、DMM獨家,中森玲子,https://www.javbus.com/GML-114
VEQ-191 「尻と乳。」S級熟女フルコンプリートBOX 中森玲子16時間4枚組,VEQ-191 「尻と乳。」S級熟女フルコンプリートBOX 中森玲子16時間4枚組,VEQ-191,2021-06-26,960分鐘,,VENUS,女神（ヴィーナス）,S級熟女フルコンプリートBOX,成熟的女人、已婚婦女、中出、女優ベスト・総集編、單體作品、DMM獨家,中森玲子,https://www.javbus.com/VEQ-191
MCSR-7101 中森玲子 from 中出しお義母さんが教えてあげる 息子との情事でオンナに戻る母たち,MCSR-7101 中森玲子 from 中出しお義母さんが教えてあげる 息子との情事でオンナに戻る母たち,MCSR-7101,2021-03-27,42分鐘,ながふちつよし,ビッグモーカル,マスカット,,成熟的女人、亂倫、婆婆、高畫質、單體作品,中森玲子,https://www.javbus.com/MCSR-7101
KBKD-365 三十路妻中出しドキュメント 中森玲子 志乃,KBKD-365 三十路妻中出しドキュメント 中森玲子 志乃,KBKD-365,2019-09-25,91分鐘,,小林興業,東日本人妻愛好会,三十路妻中出しドキュメント,成熟的女人、已婚婦女、纪录片、中出、單體作品,中森玲子,https://www.javbus.com/KBKD-365
HIGH-026 仕事中のSEXってメチャクチャ燃える！ 中森玲子,HIGH-026 仕事中のSEXってメチャクチャ燃える！ 中森玲子,HIGH-026,2017-11-20,10分鐘,,ハイライト,ハイライト,仕事中のSEXってメチャクチャ燃える！,口交、各種職業、已婚婦女、姐姐、乳房、高畫質、單體作品,中森玲子,https://www.javbus.com/HIGH-026
FTS-005 つるつるサテン美女図鑑 むっちりサテン でかぱいエステサロン 中森玲子,FTS-005 つるつるサテン美女図鑑 むっちりサテン でかぱいエステサロン 中森玲子,FTS-005,2017-10-01,141分鐘,下半身タイガース,フェ地下,サテン美女図鑑,つるつるサテン美女図鑑,胖女人、身體意識、屁股、巨乳、單體作品,中森玲子,https://www.javbus.com/FTS-005
EMBW-170 昭和浪漫シアター 淫乱な痴熟女が義理の息子を濃厚ベロチューで甘く優しく逆レイプ 全8話,EMBW-170 昭和浪漫シアター 淫乱な痴熟女が義理の息子を濃厚ベロチューで甘く優しく逆レイプ 全8話,EMBW-170,2017-08-18,240分鐘,,香澄企画/エマニエル,香澄企画（エマニエル）,昭和浪漫シアター,蕩婦、成熟的女人、母親、DMM獨家,中森玲子,https://www.javbus.com/EMBW-170
SND-012 吸淫フェラバスター 肉感バキュームガール 中森玲子,SND-012 吸淫フェラバスター 肉感バキュームガール 中森玲子,SND-012,2017-06-23,120分鐘,,JAMS,新肉感地帯,,胖女人、身體意識、屁股、巨乳、單體作品,中森玲子,https://www.javbus.com/SND-012
KCDA-155 中森玲子SEX,KCDA-155 中森玲子SEX,KCDA-155,2017-01-22,120分鐘,,デジタルアーク,digitalark（デジタルアーク）,,蕩婦、姐姐、女優ベスト・総集編、巨乳、單體作品、DMM獨家,中森玲子,https://www.javbus.com/KCDA-155
ASW-045 あ～やらしい！ 6 爆乳口淫女の口内汁射精 中森玲子,ASW-045 あ～やらしい！ 6 爆乳口淫女の口内汁射精 中森玲子,ASW-045,2016-03-31,101分鐘,次元大介,S.P.C,asfur,あ～やらしい！,口交、單體作品、吞精、內衣,中森玲子,https://www.javbus.com/ASW-045
EMBW-136 痴熟女大図鑑4時間 若作りで誘惑！フル勃起おちんぽに執着する31人,EMBW-136 痴熟女大図鑑4時間 若作りで誘惑！フル勃起おちんぽに執着する31人,EMBW-136,2016-02-15,240分鐘,,香澄企画/エマニエル,香澄企画（エマニエル）,,蕩婦、成熟的女人、其他戀物癖、DMM獨家,中森玲子,https://www.javbus.com/EMBW-136
ASW-061 巨乳変態人妻 溜まりすぎの患者限定で精飲治療致します！ 中森玲子,ASW-061 巨乳変態人妻 溜まりすぎの患者限定で精飲治療致します！ 中森玲子,ASW-061,2015-12-19,92分鐘,次元大介,S.P.C,asfur,巨乳変態人妻,口交、已婚婦女、巨乳、單體作品、吞精,中森玲子,https://www.javbus.com/ASW-061
DIGI-190 巨乳ムチムチボディーのドスケベ痴女教師 中森玲子先生,DIGI-190 巨乳ムチムチボディーのドスケベ痴女教師 中森玲子先生,DIGI-190,2015-09-06,115分鐘,,デジタルアーク,digitalark（デジタルアーク）,,蕩婦、女教師、巨乳、單體作品、DMM獨家,中森玲子,https://www.javbus.com/DIGI-190
EMBW-123 ユーザーが選んだエロ熟女100人 8時間,EMBW-123 ユーザーが選んだエロ熟女100人 8時間,EMBW-123,2015-07-17,480分鐘,,香澄企画/エマニエル,香澄企画（エマニエル）,,成熟的女人、4小時以上作品、DMM獨家,中森玲子,https://www.javbus.com/EMBW-123
TENK-003 人妻の柔肌に刻み喉頭と咳嗽 中森玲子,TENK-003 人妻の柔肌に刻み喉頭と咳嗽 中森玲子,TENK-003,2015-05-26,57分鐘,天野大吉,幻奇,天奇,,其他戀物癖、單體作品,中森玲子,https://www.javbus.com/TENK-003
EMBW-118 実録近親交尾 痴母の魔性に溺れた12人の息子4時間,EMBW-118 実録近親交尾 痴母の魔性に溺れた12人の息子4時間,EMBW-118,2015-05-17,240分鐘,,香澄企画/エマニエル,香澄企画（エマニエル）,,蕩婦、成熟的女人、亂倫、DMM獨家,中森玲子,https://www.javbus.com/EMBW-118
XRW-076 強制拘束椅子イカセ 気持ちよすぎて大絶叫,XRW-076 強制拘束椅子イカセ 気持ちよすぎて大絶叫,XRW-076,2015-04-24,120分鐘,峰一也,レアルワークス,REAL（レアルワークス）,,SM、性奴、拘束、凌辱、羞恥,中森玲子,https://www.javbus.com/XRW-076
KMDS-20288 カマタ映像 爆乳たれ乳母40人8時間,KMDS-20288 カマタ映像 爆乳たれ乳母40人8時間,KMDS-20288,2015-04-03,484分鐘,,カマタ映像,弁天,,母親、其他戀物癖、4小時以上作品、巨乳,中森玲子,https://www.javbus.com/KMDS-20288
BS-010 M男ドキュメント 極限の絶望 02 顔面騎乗に死す 中森玲子,BS-010 M男ドキュメント 極限の絶望 02 顔面騎乗に死す 中森玲子,BS-010,2015-02-26,104分鐘,ラッシャーみよし,RASH,ビザールスタイル,M男ドキュメント極限の絶望,蕩婦、其他戀物癖、屁股、顏面騎乘、單體作品,中森玲子,https://www.javbus.com/BS-010
JFB-077 美熟女爆乳グラマラス 中森玲子コンプリートBEST8時間,JFB-077 美熟女爆乳グラマラス 中森玲子コンプリートBEST8時間,JFB-077,2014-10-25,480分鐘,,Fitch,Fitch,,蕩婦、成熟的女人、合集、已婚婦女、戀乳癖、數位馬賽克、單體作品、DMM獨家,中森玲子,https://www.javbus.com/JFB-077
EMBW-099 近親相姦 痴母たちの息子狩り 成長した息子のデカチンポをズボっと挿入！20人4時間,EMBW-099 近親相姦 痴母たちの息子狩り 成長した息子のデカチンポをズボっと挿入！20人4時間,EMBW-099,2014-10-13,240分鐘,,香澄企画/エマニエル,香澄企画（エマニエル）,,蕩婦、成熟的女人、亂倫、DMM獨家,中森玲子,https://www.javbus.com/EMBW-099
VEQ-057 S級熟女コンプリートファイル 中森玲子4時間 其の弐,VEQ-057 S級熟女コンプリートファイル 中森玲子4時間 其の弐,VEQ-057,2014-07-14,242分鐘,,VENUS,女神（ヴィーナス）,S級熟女（VENUS）,成熟的女人、合集、已婚婦女、4小時以上作品、單體作品、DMM獨家,中森玲子,https://www.javbus.com/VEQ-057
NXG-118 永久保存盤 美熟女LevelAセレクション 中森玲子 絶品！巨乳ファック 3時間BEST,NXG-118 永久保存盤 美熟女LevelAセレクション 中森玲子 絶品！巨乳ファック 3時間BEST,NXG-118,2013-11-13,179分鐘,遠山銀次,NEXTGROUP,ネクストグループ,永久保存盤美熟女LevelAセレクション,成熟的女人、合集、已婚婦女、婆婆、巨乳、單體作品,中森玲子,https://www.javbus.com/NXG-118
TKSC-019 インテリメガネOLは実は社内のチ○ポを貪るド淫乱痴女,TKSC-019 インテリメガネOLは実は社内のチ○ポを貪るド淫乱痴女,TKSC-019,2013-11-01,129分鐘,,映天,東京素人ちゃんねる,,蕩婦、業餘、OL、眼鏡、巨乳,中森玲子,https://www.javbus.com/TKSC-019
JUSD-515 丸ごと！中森玲子 SPECIAL16時間 ～マドンナ出演作19タイトル完全網羅～,JUSD-515 丸ごと！中森玲子 SPECIAL16時間 ～マドンナ出演作19タイトル完全網羅～,JUSD-515,2013-10-20,958分鐘,,マドンナ,Madonna,丸ごと！○○8時間,蕩婦、成熟的女人、合集、已婚婦女、數位馬賽克、巨乳、單體作品、DMM獨家,中森玲子,https://www.javbus.com/JUSD-515
ZKKK-008 巨尻SPECIAL 中森玲子,ZKKK-008 巨尻SPECIAL 中森玲子,ZKKK-008,2013-10-07,257分鐘,実録出版,実録出版,実録出版,巨尻SPECIAL,屁股、高畫質、顏面騎乘、巨乳、單體作品,中森玲子,https://www.javbus.com/ZKKK-008
JUFD-304 完全引退 中森玲子、最初で最後の痴女露出！,JUFD-304 完全引退 中森玲子、最初で最後の痴女露出！,JUFD-304,2013-09-01,179分鐘,ながしめ,Fitch,Fitch,,蕩婦、成熟的女人、野外・露出、數位馬賽克、羞恥、高畫質、巨乳、單體作品、DMM獨家,中森玲子,https://www.javbus.com/JUFD-304
EMCS-008 Sランク！美熟女 中森玲子,EMCS-008 Sランク！美熟女 中森玲子,EMCS-008,2013-05-31,120分鐘,三島六三郎,抜玉/エマニエル,抜玉/エマニエル,Sランク！美熟女,成熟的女人、按摩、巨乳、單體作品、DMM獨家,中森玲子,https://www.javbus.com/EMCS-008
VAGU-040 玲子ママとのやらしい生活 中森玲子,VAGU-040 玲子ママとのやらしい生活 中森玲子,VAGU-040,2013-04-14,103分鐘,SARU,VENUS,ヴィーナス（VENUS）,○○ママとのやらしい生活,成熟的女人、母親、亂倫、已婚婦女、主觀視角、單體作品、DMM獨家,中森玲子,https://www.javbus.com/VAGU-040
JUFD-271 濃厚汗だく爆乳グラマラス ～フェロモン漏れだすムレムレ肉感家政婦～ 中森玲子,JUFD-271 濃厚汗だく爆乳グラマラス ～フェロモン漏れだすムレムレ肉感家政婦～ 中森玲子,JUFD-271,2013-02-23,155分鐘,［Jo］Style,Fitch,Fitch,濃厚汗だく豊満グラマラス,成熟的女人、各種職業、已婚婦女、數位馬賽克、高畫質、泳裝、巨乳、單體作品、DMM獨家,中森玲子,https://www.javbus.com/JUFD-271
VEC-053 わいせつ通勤 人妻痴漢バス 中森玲子,VEC-053 わいせつ通勤 人妻痴漢バス 中森玲子,VEC-053,2012-10-27,90分鐘,ペータ☆,VENUS,ヴィーナス（VENUS）,,成熟的女人、OL、已婚婦女、性騷擾、巨乳、單體作品,中森玲子,https://www.javbus.com/VEC-053
MBYD-145 中森玲子8時間,MBYD-145 中森玲子8時間,MBYD-145,2012-10-07,478分鐘,,溜池ゴロー,溜池ゴロー,,成熟的女人、合集、數位馬賽克、巨乳、單體作品、DMM獨家,中森玲子,https://www.javbus.com/MBYD-145
DFDA-060 中森玲子 8時間,DFDA-060 中森玲子 8時間,DFDA-060,2012-08-25,480分鐘,,デジタルアーク,digitalark（デジタルアーク）,,蕩婦、合集、巨乳、單體作品,中森玲子,https://www.javbus.com/DFDA-060
JUC-877 大家族ママ 性欲旺盛な7人の息子たちに囲まれて… 中森玲子,JUC-877 大家族ママ 性欲旺盛な7人の息子たちに囲まれて… 中森玲子,JUC-877,2012-07-21,168分鐘,ラビット竹須,マドンナ,Madonna,,成熟的女人、母親、乳交、數位馬賽克、婆婆、高畫質、巨乳、單體作品、DMM獨家,中森玲子,https://www.javbus.com/JUC-877
JUFD-216 僕のペットは爆乳未亡人 ～敏感な乳房が咽び泣く親族内調教～ 中森玲子,JUFD-216 僕のペットは爆乳未亡人 ～敏感な乳房が咽び泣く親族内調教～ 中森玲子,JUFD-216,2012-04-26,177分鐘,旗大漁,Fitch,Fitch,僕のペットは○○,戀乳癖、寡婦、性奴、羞恥、主觀視角、高畫質、單體作品、DMM獨家,中森玲子,https://www.javbus.com/JUFD-216
VVVD-080 Vだけでしか見られない中森玲子様BEST,VVVD-080 Vだけでしか見られない中森玲子様BEST,VVVD-080,2012-03-30,238分鐘,,ヴィ,V,Vだけでしか見られない○○様BEST,SM、女同性戀、合集、凌辱、單體作品、DMM獨家,中森玲子,https://www.javbus.com/VVVD-080
JUC-780 慰みの生尻家政婦 中森玲子,JUC-780 慰みの生尻家政婦 中森玲子,JUC-780,2012-03-24,117分鐘,雨宮孝太郎,マドンナ,Madonna,慰みの生尻家政婦,成熟的女人、乳交、各種職業、屁股、數位馬賽克、羞恥、DVD多士爐、高畫質、巨乳、單體作品、DMM獨家,中森玲子,https://www.javbus.com/JUC-780
FRGJV-009 麗しの不倫人妻DX 42人 8時間,FRGJV-009 麗しの不倫人妻DX 42人 8時間,FRGJV-009,2012-03-19,479分鐘,,グラフィティジャパン,フェアエスト,,成熟的女人、已婚婦女、通姦、舔陰、4小時以上作品,中森玲子,https://www.javbus.com/FRGJV-009
CO-4687 巨乳熟女を味わう「中森玲子」,CO-4687 巨乳熟女を味わう「中森玲子」,CO-4687,2012-02-23,119分鐘,偏屈屋,コロナ社,CORONASPECIAL,,成熟的女人、乳交、輪姦、按摩棒、巨乳、單體作品,中森玲子,https://www.javbus.com/CO-4687
JUFD-200 ぬめるムチ尻女の極上パンストソープ 中森玲子,JUFD-200 ぬめるムチ尻女の極上パンストソープ 中森玲子,JUFD-200,2012-01-28,173分鐘,井坂朋泰,Fitch,Fitch,ぬめるムチ尻女の極上パンストソープ,成熟的女人、連褲襪、屁股、戀腿癖、數位馬賽克、高畫質、巨乳、單體作品、DMM獨家,中森玲子,https://www.javbus.com/JUFD-200
DSOT-001 MISS BOIN,DSOT-001 MISS BOIN,DSOT-001,2012-01-22,100分鐘,,デジタルアーク,digitalark（デジタルアーク）,MISSBOIN,蕩婦、戀乳癖、巨乳、單體作品,中森玲子,https://www.javbus.com/DSOT-001
PLA-020 本能剥き出し生中出しセックス 中森玲子,PLA-020 本能剥き出し生中出しセックス 中森玲子,PLA-020,2012-01-21,120分鐘,マンモス池田,ダスッ！,Platina,本能剥き出し生中出しセックス,成熟的女人、乳交、中出、DVD多士爐、高畫質、巨乳、單體作品、DMM獨家,中森玲子,https://www.javbus.com/PLA-020
VAGU-022 ぱつんぱつんレギンス母の巨尻誘惑 中森玲子,VAGU-022 ぱつんぱつんレギンス母の巨尻誘惑 中森玲子,VAGU-022,2012-01-15,93分鐘,SARU,VENUS,ヴィーナス（VENUS）,ぱつんぱつんレギンス母の巨尻誘惑,成熟的女人、母親、已婚婦女、屁股、巨乳、單體作品,中森玲子,https://www.javbus.com/VAGU-022
AIED-009 オナコレ×パンスト×密室デート Vol.9 中森玲子,AIED-009 オナコレ×パンスト×密室デート Vol.9 中森玲子,AIED-009,2011-12-23,119分鐘,,アイ映像/妄想族,アイ映像/妄想族,オナコレ×パンスト×密室デート,成熟的女人、屁股、女優按摩棒、巨乳、單體作品、DMM獨家、自慰,中森玲子,https://www.javbus.com/AIED-009
SDDE-259 共同肉便器付きアパート,SDDE-259 共同肉便器付きアパート,SDDE-259,2011-12-19,100分鐘,よーすけ,SODクリエイト,SODクリエイト,,企畫、其他戀物癖、DVD多士爐,中森玲子,https://www.javbus.com/SDDE-259
DEC-006 ドM艶女 メス犬になりたい私 玲子 中森玲子,DEC-006 ドM艶女 メス犬になりたい私 玲子 中森玲子,DEC-006,2011-11-19,140分鐘,薄刃紫翠,AVScollector’s,AVS,ドM艶女,SM、紧缚、性奴、拘束、凌辱、單體作品、DMM獨家,中森玲子,https://www.javbus.com/DEC-006
MDYD-649 お掃除おばさん 中森玲子,MDYD-649 お掃除おばさん 中森玲子,MDYD-649,2011-11-10,120分鐘,溜池ゴロー,溜池ゴロー,溜池ゴロー,お掃除おばさん,成熟的女人、多P、凌辱、DVD多士爐、高畫質、巨乳、單體作品、DMM獨家,中森玲子,https://www.javbus.com/MDYD-649
ZKCD-001 巨尻鎮座 中森玲子,ZKCD-001 巨尻鎮座 中森玲子,ZKCD-001,2011-11-07,137分鐘,実録出版,実録出版,実録出版,,其他戀物癖、屁股、高畫質、顏面騎乘、顏射、單體作品,中森玲子,https://www.javbus.com/ZKCD-001
MINT-010 寝取られた巨乳インストラクター 中森玲子,MINT-010 寝取られた巨乳インストラクター 中森玲子,MINT-010,2011-10-28,118分鐘,らくだ,ムーディーズ,寝取られ本舗,,已婚婦女、數位馬賽克、凌辱、DVD多士爐、高畫質、出軌、巨乳、單體作品、DMM獨家,中森玲子,https://www.javbus.com/MINT-010
VAGU-016 人妻淫語中出しソープ 雌犬妻 中森玲子,VAGU-016 人妻淫語中出しソープ 雌犬妻 中森玲子,VAGU-016,2011-10-16,106分鐘,SARU,VENUS,ヴィーナス（VENUS）,人妻淫語中出しソープ,成熟的女人、淫語、已婚婦女、中出、巨乳、單體作品,中森玲子,https://www.javbus.com/VAGU-016
HTZM-011 凌辱人妻 さいたま市在住 中森玲子婦人,HTZM-011 凌辱人妻 さいたま市在住 中森玲子婦人,HTZM-011,2011-10-16,95分鐘,,ラビリンス,人妻倶楽部（ラビリンス）,,成熟的女人、已婚婦女、凌辱、乳液、巨乳、單體作品、DMM獨家,中森玲子,https://www.javbus.com/HTZM-011
JUFD-176 淫語で誘う寸止め焦らし痴女 ～僕を生殺しにして愉しむ上司の奥さん～ 中森玲子,JUFD-176 淫語で誘う寸止め焦らし痴女 ～僕を生殺しにして愉しむ上司の奥さん～ 中森玲子,JUFD-176,2011-09-29,176分鐘,旗大漁,Fitch,Fitch,淫語で誘う寸止め焦らし痴女,蕩婦、乳交、淫語、已婚婦女、數位馬賽克、高畫質、巨乳、單體作品、DMM獨家,中森玲子,https://www.javbus.com/JUFD-176
BIJ-012 熟女ブルセラ 中森玲子33歳,BIJ-012 熟女ブルセラ 中森玲子33歳,BIJ-012,2011-09-21,107分鐘,高円寺☆ゴロー,虎堂,淫熟,熟女ブルセラ,角色扮演、成熟的女人、制服、巨乳、單體作品,中森玲子,https://www.javbus.com/BIJ-012
JUSD-366 丸ごと！中森玲子SPECIAL8時間,JUSD-366 丸ごと！中森玲子SPECIAL8時間,JUSD-366,2011-09-18,479分鐘,,マドンナ,Madonna,丸ごと！○○8時間,成熟的女人、乳交、合集、屁股、數位馬賽克、巨乳、單體作品、DMM獨家,中森玲子,https://www.javbus.com/JUSD-366
MDYD-642 強制ノーブラ生活 中森玲子,MDYD-642 強制ノーブラ生活 中森玲子,MDYD-642,2011-09-08,116分鐘,駒込忠,溜池ゴロー,溜池ゴロー,強制ノーブラ生活,成熟的女人、已婚婦女、數位馬賽克、DVD多士爐、高畫質、巨乳、單體作品、DMM獨家,中森玲子,https://www.javbus.com/MDYD-642
ADVR-459 極乳マゾ愛奴,ADVR-459 極乳マゾ愛奴,ADVR-459,2011-08-23,115分鐘,峰一也,アートビデオ,ARTVIDEO,,SM、紧缚、乳交、乳液、巨乳、單體作品,中森玲子,https://www.javbus.com/ADVR-459
VSPDS-580 Hな公衆浴場 巨乳湯女,VSPDS-580 Hな公衆浴場 巨乳湯女,VSPDS-580,2011-08-21,118分鐘,萩澤カルメン,V＆Rプロダクツ,V＆Rプロダクツ,,企畫、乳液、巨乳,中森玲子,https://www.javbus.com/VSPDS-580
MIGD-410 ザーメンドッグカフェ2 中森玲子,MIGD-410 ザーメンドッグカフェ2 中森玲子,MIGD-410,2011-07-28,238分鐘,GORY松田,ムーディーズ,MOODYZGati,ザーメンドッグカフェ,野外・露出、口交、性奴、高畫質、單體作品、DMM獨家、吞精,中森玲子,https://www.javbus.com/MIGD-410
XKK-019 息子の性欲処理を拒めない巨乳義母 中森玲子,XKK-019 息子の性欲処理を拒めない巨乳義母 中森玲子,XKK-019,2011-07-21,117分鐘,,グローリークエスト,GLORYQUEST,息子の性欲処理を拒めない巨乳義母,亂倫、舔陰、手指插入、婆婆、巨乳、單體作品,中森玲子,https://www.javbus.com/XKK-019
ADVR-454 縄ぬれ巨乳 中森玲子,ADVR-454 縄ぬれ巨乳 中森玲子,ADVR-454,2011-07-19,93分鐘,東園賢,アートビデオ,ARTVIDEO,,成熟的女人、放尿、SM、紧缚、巨乳、單體作品,中森玲子,https://www.javbus.com/ADVR-454
MFD-083 M的願望症候群 中森玲子,MFD-083 M的願望症候群 中森玲子,MFD-083,2011-07-17,109分鐘,,ブレーントラストカンパニー,BOOTS,M的願望症候群,SM、戀腿癖、性奴、足交、顏面騎乘、單體作品,中森玲子,https://www.javbus.com/MFD-083
KOID-003 裸のペット 巨乳がたまらない全裸ペットの物語 中森玲子,KOID-003 裸のペット 巨乳がたまらない全裸ペットの物語 中森玲子,KOID-003,2011-07-15,119分鐘,千摺源兵衛,ローグ・プラネット（フェチ）/妄想族,ローグ・プラネット/妄想族,裸のペット,性奴、中出、女上位、巨乳、單體作品,中森玲子,https://www.javbus.com/KOID-003
VEQ-006 S級熟女コンプリートファイル 中森玲子 4時間,VEQ-006 S級熟女コンプリートファイル 中森玲子 4時間,VEQ-006,2011-07-15,243分鐘,,VENUS,ヴィーナス（VENUS）,S級熟女（VENUS）,成熟的女人、乳交、潮吹、已婚婦女、巨乳、單體作品,中森玲子,https://www.javbus.com/VEQ-006
JUC-570 人妻の恥ずかしいお仕事 ～ノーパンしゃぶしゃぶ店に勤める巨尻妻～ 中森玲子,JUC-570 人妻の恥ずかしいお仕事 ～ノーパンしゃぶしゃぶ店に勤める巨尻妻～ 中森玲子,JUC-570,2011-06-19,118分鐘,三島六三郎,マドンナ,Madonna,人妻の恥ずかしいお仕事,成熟的女人、已婚婦女、屁股、多P、數位馬賽克、DVD多士爐、高畫質、單體作品、DMM獨家,中森玲子,https://www.javbus.com/JUC-570
AVSW-006 中森玲子の世界,AVSW-006 中森玲子の世界,AVSW-006,2011-05-13,240分鐘,AVS,AVScollector’s,AVS,○○の世界,合集、連褲襪、巨乳、單體作品,中森玲子,https://www.javbus.com/AVSW-006
ARMM-016 《動くビニ本》 桃山 モデル 中森玲子,ARMM-016 《動くビニ本》 桃山 モデル 中森玲子,ARMM-016,2011-05-08,113分鐘,鷲本ひろし,アロマ企画,AROMAM-30,《動くビニ本》,成熟的女人、多P、DVD多士爐、高畫質、巨乳、單體作品、DMM獨家,中森玲子,https://www.javbus.com/ARMM-016
SPRD-475 ふんどしオフィス 入社してしまった私 中森玲子,SPRD-475 ふんどしオフィス 入社してしまった私 中森玲子,SPRD-475,2011-04-21,119分鐘,三島六三郎,タカラ映像,ALEDDIN,,成熟的女人、OL、其他戀物癖、已婚婦女、高畫質、單體作品,中森玲子,https://www.javbus.com/SPRD-475
VENU-125 湯けむり近親相姦 母子入浴交尾 中森玲子,VENU-125 湯けむり近親相姦 母子入浴交尾 中森玲子,VENU-125,2011-04-16,99分鐘,芹沢翔,VENUS,INCEST（ヴィーナス）,湯けむり近親相姦,成熟的女人、母親、亂倫、已婚婦女、巨乳、單體作品,中森玲子,https://www.javbus.com/VENU-125
ANB-13 綺麗でいやらしい叔母さんの美爆乳に誘われ射精する僕 中森玲子,ANB-13 綺麗でいやらしい叔母さんの美爆乳に誘われ射精する僕 中森玲子,ANB-13,2011-04-03,87分鐘,矢野口進,ルビー,NOBLE,綺麗でいやらしい叔母さん,成熟的女人、女上位、巨乳、單體作品,中森玲子,https://www.javbus.com/ANB-13
DIGI-122 MORE DEEP 中森玲子,DIGI-122 MORE DEEP 中森玲子,DIGI-122,2011-03-21,139分鐘,デジタルアーク,デジタルアーク,digitalark（デジタルアーク）,MOREDEEP,蕩婦、乳交、女上位、主觀視角、巨乳、單體作品,中森玲子,https://www.javbus.com/DIGI-122
SELJV-004 セックスレスの人妻たち File ＃04,SELJV-004 セックスレスの人妻たち File ＃04,SELJV-004,2011-03-18,119分鐘,,グラフィティジャパン,フェアエスト,セックスレスの人妻たち,成熟的女人、已婚婦女、69、纪录片,中森玲子,https://www.javbus.com/SELJV-004
MDYD-604 ワケあり義姉さんとの同居生活 中森玲子,MDYD-604 ワケあり義姉さんとの同居生活 中森玲子,MDYD-604,2011-03-10,117分鐘,溜池ゴロー,溜池ゴロー,溜池ゴロー,,成熟的女人、數位馬賽克、女上位、DVD多士爐、高畫質、巨乳、單體作品、DMM獨家,中森玲子,https://www.javbus.com/MDYD-604
TMG-018 溜池ゴローを愛した女 私、女として本当の悦びを知りました。美熟女シリーズ 第12弾,TMG-018 溜池ゴローを愛した女 私、女として本当の悦びを知りました。美熟女シリーズ 第12弾,TMG-018,2011-03-09,115分鐘,溜池ゴロー,光夜蝶,光夜蝶,溜池ゴローを愛した女,成熟的女人、已婚婦女、通姦,中森玲子,https://www.javbus.com/TMG-018
YMMT-005 IMMORAL MASSAGE 中森玲子,YMMT-005 IMMORAL MASSAGE 中森玲子,YMMT-005,2011-02-25,122分鐘,,デジタルアーク,digitalark（デジタルアーク）,,蕩婦、乳交、按摩、巨乳、單體作品、打手槍,中森玲子,https://www.javbus.com/YMMT-005
VSPDS-539 熟ジョガー,VSPDS-539 熟ジョガー,VSPDS-539,2011-01-23,95分鐘,ベジタリアン,V＆Rプロダクツ,V＆Rプロダクツ,熟○○,成熟的女人、女同性戀、口交、已婚婦女、多P,中森玲子,https://www.javbus.com/VSPDS-539
WNZS-149 豊満中出し熟女 100cm Hcup中森玲子,WNZS-149 豊満中出し熟女 100cm Hcup中森玲子,WNZS-149,2011-01-15,119分鐘,,ワンズファクトリー,WANZ,,成熟的女人、紧缚、中出、巨乳、單體作品,中森玲子,https://www.javbus.com/WNZS-149
DPHN-135 非日常的悶絶遊戯 リクエストに応えミニスカを穿く理容師、玲子の場合,DPHN-135 非日常的悶絶遊戯 リクエストに応えミニスカを穿く理容師、玲子の場合,DPHN-135,2011-01-13,118分鐘,渡辺琢斗,AVScollector’s,PHANTOM夢,非日常的悶絶遊戯,各種職業、連褲襪、巨乳、單體作品、迷你裙,中森玲子,https://www.javbus.com/DPHN-135
AV-031 下宿屋の痴母 5 中森玲子,AV-031 下宿屋の痴母 5 中森玲子,AV-031,2010-12-26,120分鐘,,ソルト・ペッパー,ing,下宿屋の痴母,蕩婦、成熟的女人、多P、數位馬賽克、單體作品,中森玲子,https://www.javbus.com/AV-031
VICD-204 1日1名様限定！口コミで広がった噂の【隠れ家的女性専門エステサロン】で過激でHなレズエステ サポート女優 中森玲子,VICD-204 1日1名様限定！口コミで広がった噂の【隠れ家的女性専門エステサロン】で過激でHなレズエステ サポート女優 中森玲子,VICD-204,2010-12-24,178分鐘,ハルナ,ヴィ,V,過激でHなレズエステ,業餘、女同性戀、野外・露出、數位馬賽克、高畫質、單體作品、DMM獨家,中森玲子,https://www.javbus.com/VICD-204
SY-087 素人四畳半生中出し 87,SY-087 素人四畳半生中出し 87,SY-087,2010-12-20,116分鐘,神田川ブルース,プラム,Plum,素人四畳半生中出し,業餘、已婚婦女、拘束、中出、女優按摩棒,中森玲子,https://www.javbus.com/SY-087
VENU-085 近親相姦 エロ尻母 中森玲子,VENU-085 近親相姦 エロ尻母 中森玲子,VENU-085,2010-12-01,95分鐘,芹沢翔,VENUS,INCEST（ヴィーナス）,近親相姦（VENUS）,成熟的女人、亂倫、已婚婦女、屁股、巨乳、單體作品,中森玲子,https://www.javbus.com/VENU-085
EBOD-133 完熟 ～熟れたむっっちりボディの艶エロス 中森玲子,EBOD-133 完熟 ～熟れたむっっちりボディの艶エロス 中森玲子,EBOD-133,2010-11-12,118分鐘,,E-BODY,E-BODY,完熟（E-BODY）,成熟的女人、女上位、高畫質、巨乳、單體作品、DMM獨家,中森玲子,https://www.javbus.com/EBOD-133
NADE-868 美しき人妻の背徳妄想 3,NADE-868 美しき人妻の背徳妄想 3,NADE-868,2010-11-12,103分鐘,,なでしこ,Nadeshiko,美しき人妻の背徳妄想,成熟的女人、已婚婦女、妄想、單體作品,中森玲子,https://www.javbus.com/NADE-868
KMI-052 コスッて熟女神 4 中森玲子,KMI-052 コスッて熟女神 4 中森玲子,KMI-052,2010-11-07,138分鐘,狂一,ミル,ミル,コスッて熟女神,成熟的女人、賽車女郎、屁股、緊身衣、單體作品、水手服,中森玲子,https://www.javbus.com/KMI-052
BWSD-064 後家と隣人 5 中森玲子,BWSD-064 後家と隣人 5 中森玲子,BWSD-064,2010-10-04,110分鐘,安藤ボン,大洋図書,女人講,後家と隣人,成熟的女人、寡婦、花癡、單體作品,中森玲子,https://www.javbus.com/BWSD-064
NBSS-002 OPPAI CAFE レイコ先輩,NBSS-002 OPPAI CAFE レイコ先輩,NBSS-002,2010-09-29,127分鐘,,WEEKENDER,WEEKENDER,OPPAICAFE,蕩婦、乳交、姐姐、巨乳、單體作品,中森玲子,https://www.javbus.com/NBSS-002
VSPDS-511 平日の真っ昼間に本物の団地妻をホロ酔いにさせたら欲求不満は炸裂するのか！？,VSPDS-511 平日の真っ昼間に本物の団地妻をホロ酔いにさせたら欲求不満は炸裂するのか！？,VSPDS-511,2010-08-24,113分鐘,萩澤カルメン,V＆Rプロダクツ,V＆Rプロダクツ,本物の団地妻を,企畫、已婚婦女,中森玲子,https://www.javbus.com/VSPDS-511
JUC-360 ジョギング・ミセス 中森玲子,JUC-360 ジョギング・ミセス 中森玲子,JUC-360,2010-08-06,118分鐘,きとるね川口,マドンナ,Madonna,○○・ミセス,成熟的女人、野外・露出、已婚婦女、數位馬賽克、DVD多士爐、高畫質、巨乳、單體作品、DMM獨家,中森玲子,https://www.javbus.com/JUC-360
RNADE-770 方言ドラマ 近親上京物語 九州編,RNADE-770 方言ドラマ 近親上京物語 九州編,RNADE-770,2010-07-23,140分鐘,,なでしこ,Nadeshiko,方言ドラマ,成熟的女人、亂倫、女優按摩棒、戲劇、單體作品,中森玲子,https://www.javbus.com/RNADE-770
AKDX-003 尻EVOLUTION 3.0,AKDX-003 尻EVOLUTION 3.0,AKDX-003,2010-07-16,119分鐘,工藤澪,実録出版,工藤澪（実録出版）,尻EVOLUTION,屁股、乳液、高畫質、顏面騎乘、巨乳、單體作品,中森玲子,https://www.javbus.com/AKDX-003
MUSK-019 突発性べろれろ口淫症候群の女 中森玲子,MUSK-019 突発性べろれろ口淫症候群の女 中森玲子,MUSK-019,2010-07-01,119分鐘,来生元也,タカラ映像,MOMIJI,,口交、已婚婦女、花癡、性奴、單體作品、打手槍,中森玲子,https://www.javbus.com/MUSK-019
MDYD-544 弄ばれた家政婦の乳 中森玲子,MDYD-544 弄ばれた家政婦の乳 中森玲子,MDYD-544,2010-06-11,118分鐘,溜池ゴロー,溜池ゴロー,溜池ゴロー,弄ばれた家政婦の○○,成熟的女人、乳交、數位馬賽克、DVD多士爐、高畫質、巨乳、單體作品、DMM獨家,中森玲子,https://www.javbus.com/MDYD-544
ZOW-020 人妻恥悦旅行 中森玲子,ZOW-020 人妻恥悦旅行 中森玲子,ZOW-020,2010-06-09,119分鐘,,グローリークエスト,ZOW,人妻恥悦旅行,紧缚、已婚婦女、舔陰、巨乳、單體作品,中森玲子,https://www.javbus.com/ZOW-020
FCDC-035 あのスケベな巨乳お姉さんは、アイツの会社の秘書らしい。21,FCDC-035 あのスケベな巨乳お姉さんは、アイツの会社の秘書らしい。21,FCDC-035,2010-05-18,130分鐘,,WEEKENDER,WEEKENDER,あのスケベな巨乳お姉さんは、アイツの会社の秘書らしい。,蕩婦、姐姐、秘書、巨乳、單體作品、DMM獨家,中森玲子,https://www.javbus.com/FCDC-035
KBKD-640 責められ未亡人 中森玲子 朱美,KBKD-640 責められ未亡人 中森玲子 朱美,KBKD-640,2010-04-26,90分鐘,,小林興業,東日本人妻愛好会,,成熟的女人、乳交、寡婦、單體作品,中森玲子,https://www.javbus.com/KBKD-640
SPRD-373 私はこの尻で、会社を辞めました。 中森玲子,SPRD-373 私はこの尻で、会社を辞めました。 中森玲子,SPRD-373,2010-04-22,119分鐘,嵐山吟遊,タカラ映像,ALEDDIN,,成熟的女人、OL、屁股、數位馬賽克、單體作品,中森玲子,https://www.javbus.com/SPRD-373
HNB-038 巨乳妻 挟射介護 中森玲子,HNB-038 巨乳妻 挟射介護 中森玲子,HNB-038,2010-04-20,96分鐘,煌大翔,STARPARADISE,華靡,,乳交、已婚婦女、高畫質、巨乳、單體作品,中森玲子,https://www.javbus.com/HNB-038
DGKD-305S 中森玲子完全版 4時間,DGKD-305S 中森玲子完全版 4時間,DGKD-305S,2010-04-16,239分鐘,,アカデミック,電撃,,乳交、合集、中出、美容院、巨乳、單體作品,中森玲子,https://www.javbus.com/DGKD-305S
PST-008D 「飼育の虜」 変態マゾ男とペニバン女 【第八章】,PST-008D 「飼育の虜」 変態マゾ男とペニバン女 【第八章】,PST-008D,2010-03-29,102分鐘,,U＆K,PANDORA,「飼育の虜」変態マゾ男とペニバン女,蕩婦、SM、其他戀物癖、緊縛、單體作品、打手槍,中森玲子,https://www.javbus.com/PST-008D
JUFD-101 ムッチリ爆乳ハミ出し水着 中森玲子,JUFD-101 ムッチリ爆乳ハミ出し水着 中森玲子,JUFD-101,2010-03-25,118分鐘,旗大漁,Fitch,Fitch,ハミ出し水着（Fitch）,成熟的女人、數位馬賽克、乳液、DVD多士爐、高畫質、泳裝、巨乳、單體作品、DMM獨家,中森玲子,https://www.javbus.com/JUFD-101
VEMA-011 潮吹き天然妻・玲子 友達の嫁さんに突然しゃぶられた！！ 中森玲子,VEMA-011 潮吹き天然妻・玲子 友達の嫁さんに突然しゃぶられた！！ 中森玲子,VEMA-011,2010-03-01,117分鐘,,VENUS,ヴィーナス（VENUS）,,成熟的女人、潮吹、舔陰、手指插入、巨乳、單體作品,中森玲子,https://www.javbus.com/VEMA-011
WF-084D 誘惑ミセス 84 中森玲子,WF-084D 誘惑ミセス 84 中森玲子,WF-084D,2010-02-28,130分鐘,,U＆K,WIFE（U＆K）,誘惑ミセス,口交、乳交、巨乳、單體作品、自慰,中森玲子,https://www.javbus.com/WF-084D
VENU-039 中森玲子 32歳,VENU-039 中森玲子 32歳,VENU-039,2010-01-19,80分鐘,,VENUS,ヴィーナス（VENUS）,,成熟的女人、乳交、女上位、巨乳、單體作品,中森玲子,https://www.javbus.com/VENU-039
RNADE-622 友達の爆乳義母 中森玲子,RNADE-622 友達の爆乳義母 中森玲子,RNADE-622,2009-12-18,81分鐘,,なでしこ,Nadeshiko,友達の爆乳義母,成熟的女人、乳交、戀乳癖、巨乳、單體作品,中森玲子,https://www.javbus.com/RNADE-622
DMX-013 BBB ビッグ・ブーブス・バット 中森玲子 2nd,DMX-013 BBB ビッグ・ブーブス・バット 中森玲子 2nd,DMX-013,2009-11-14,139分鐘,デカ拳,実録出版,ENJOY,BBBビッグ・ブーブス・バット,成熟的女人、紧缚、巨乳、單體作品,中森玲子,https://www.javbus.com/DMX-013
DIGI-083 Glam Mode Reiko Nakamori,DIGI-083 Glam Mode Reiko Nakamori,DIGI-083,2009-11-07,126分鐘,,デジタルアーク,digitalark（デジタルアーク）,GlamMode,女上位、高中女生、巨乳、單體作品、內衣,中森玲子,https://www.javbus.com/DIGI-083
GIFD-119 人妻たちの転落人生、生まれて初めての風俗面接。 15,GIFD-119 人妻たちの転落人生、生まれて初めての風俗面接。 15,GIFD-119,2009-10-25,99分鐘,,ラハイナ東海,岐阜城,人妻たちの転落人生、生まれて初めての風俗面接。,成熟的女人、業餘、妓女、已婚婦女,中森玲子,https://www.javbus.com/GIFD-119
EMRD-003 若妻の豊満な肉体に食い込む競泳水着は唾液、ローション、マン汁まみれ！！ 中森玲子,EMRD-003 若妻の豊満な肉体に食い込む競泳水着は唾液、ローション、マン汁まみれ！！ 中森玲子,EMRD-003,2009-10-19,118分鐘,泳人満,エンペラー/妄想族,エンペラー（エンペラー/妄想族）,,成熟的女人、乳交、潮吹、泳裝、巨乳、單體作品,中森玲子,https://www.javbus.com/EMRD-003
SUN-019 ボイン大好きしょう太くんのHなイタズラ 中森玲子,SUN-019 ボイン大好きしょう太くんのHなイタズラ 中森玲子,SUN-019,2009-10-14,106分鐘,,グローリークエスト,少年アンタッチャブル,しょう太くんのHなイタズラ,戀乳癖、姐姐、舔陰、女上位、高畫質、正太控、巨乳、單體作品,中森玲子,https://www.javbus.com/SUN-019
IESP-503 夫の部下と 中森玲子,IESP-503 夫の部下と 中森玲子,IESP-503,2009-09-20,118分鐘,極ノ介,アイエナジー,暴夢,,已婚婦女、舔陰、DVD多士爐、單體作品,中森玲子,https://www.javbus.com/IESP-503
RNADE-574 犯された社長夫人,RNADE-574 犯された社長夫人,RNADE-574,2009-08-26,119分鐘,マーKUN,なでしこ,Nadeshiko,,強姦、中出、巨乳、單體作品,中森玲子,https://www.javbus.com/RNADE-574
IESP-494 ウテルス覚醒 痙攣アクメ 4,IESP-494 ウテルス覚醒 痙攣アクメ 4,IESP-494,2009-08-23,116分鐘,ケイン加藤,アイエナジー,暴夢,ウテルス覚醒痙攣アクメ,拘束、凌辱、DVD多士爐、巨乳、單體作品,中森玲子,https://www.javbus.com/IESP-494
CADV-125 独占！！中森玲子,CADV-125 独占！！中森玲子,CADV-125,2009-08-19,119分鐘,,クリスタル映像,CRYSTALEX,独占！！,蕩婦、苗條、巨乳、單體作品、打手槍,中森玲子,https://www.javbus.com/CADV-125
DITR-006 GlamMode Di3 LIMITED EDITION 002,DITR-006 GlamMode Di3 LIMITED EDITION 002,DITR-006,2009-07-25,136分鐘,,デジタルアーク,Di3,GlamMode,蕩婦、戀乳癖、女上位、巨乳、單體作品、打手槍,中森玲子,https://www.javbus.com/DITR-006
DGKD-270S 禁断の巨乳母 義母さん、もう俺ガマンできないよ 中森玲子,DGKD-270S 禁断の巨乳母 義母さん、もう俺ガマンできないよ 中森玲子,DGKD-270S,2009-07-24,89分鐘,早川誠,アカデミック,電撃,禁断の巨乳母,成熟的女人、乳交、中出、婆婆、巨乳、單體作品,中森玲子,https://www.javbus.com/DGKD-270S
MGIC-005 エステ・ド・中森玲子,MGIC-005 エステ・ド・中森玲子,MGIC-005,2009-07-24,88分鐘,伊達草仁,Magic6,Magic6（Magic6）,,成熟的女人、其他戀物癖、美容院、單體作品、打手槍,中森玲子,https://www.javbus.com/MGIC-005
TOS-069 いぢられ嫁 玲子,TOS-069 いぢられ嫁 玲子,TOS-069,2009-07-10,86分鐘,岡田忍,東京音光,東京音光,いぢられ嫁,新娘、年輕妻子、女上位、巨乳、單體作品,中森玲子,https://www.javbus.com/TOS-069
NRYO-009 婚約者の父親に見初められ淫靡の協定の餌食となった美人OL。,NRYO-009 婚約者の父親に見初められ淫靡の協定の餌食となった美人OL。,NRYO-009,2009-07-09,103分鐘,,女体探究凌辱研究所,女体探求凌辱研究所,,OL、多P、凌辱、羞恥、單體作品,中森玲子,https://www.javbus.com/NRYO-009
ETC-013 巨乳診断書2 中森玲子,ETC-013 巨乳診断書2 中森玲子,ETC-013,2009-07-02,110分鐘,,グローリークエスト,Etcetera,巨乳診断書,已婚婦女、戀乳癖、高畫質、巨乳、單體作品,中森玲子,https://www.javbus.com/ETC-013
DGKD-265S 熟女霊 最後の一滴まで搾り取ってあげる 中森玲子,DGKD-265S 熟女霊 最後の一滴まで搾り取ってあげる 中森玲子,DGKD-265S,2009-06-19,89分鐘,早川誠,アカデミック,電撃,,蕩婦、成熟的女人、巨乳、單體作品,中森玲子,https://www.javbus.com/DGKD-265S
WNZ-108 近親相姦 お母さんの美尻 中森玲子,WNZ-108 近親相姦 お母さんの美尻 中森玲子,WNZ-108,2009-06-16,120分鐘,当麻竜也,ワンズファクトリー,WANZ,近親相姦お母さんの美尻,成熟的女人、母親、亂倫、屁股、巨乳、單體作品,中森玲子,https://www.javbus.com/WNZ-108
NBD-025 巨乳どれい4 中森玲子,NBD-025 巨乳どれい4 中森玲子,NBD-025,2009-06-01,136分鐘,,中嶋興業,中嶋興業,巨乳どれい,紧缚、乳交、性奴、凌辱、巨乳、單體作品,中森玲子,https://www.javbus.com/NBD-025
SMA-408 キモ男に犯される教育ママゴン 中森玲子,SMA-408 キモ男に犯される教育ママゴン 中森玲子,SMA-408,2009-05-13,121分鐘,SARJI,マルクス兄弟,MARXBrothersco.,キモ男に犯される○○,強姦、輪姦、凌辱、中出、巨乳、單體作品,中森玲子,https://www.javbus.com/SMA-408
ACE-011 Shake Body Ver.9,ACE-011 Shake Body Ver.9,ACE-011,2009-05-01,127分鐘,渡辺琢斗,AVScollector’s,麗羅,ShakeBody,其他戀物癖、連褲襪、緊身衣、巨乳、單體作品、內衣,中森玲子,https://www.javbus.com/ACE-011
FREE-003 スケベ会社の爆乳変態女社長 2,FREE-003 スケベ会社の爆乳変態女社長 2,FREE-003,2009-04-29,123分鐘,,WEEKENDER,FReeeee,スケベ会社の爆乳変態女社長,各種職業、連褲襪、戀乳癖、女上位、巨乳、單體作品、DMM獨家,中森玲子,https://www.javbus.com/FREE-003
MDYD-438 美熟女ナース 中森玲子,MDYD-438 美熟女ナース 中森玲子,MDYD-438,2009-04-13,113分鐘,溜池ゴロー,溜池ゴロー,溜池ゴロー,美熟女ナース,成熟的女人、护士、乳交、多P、數位馬賽克、單體作品、DMM獨家,中森玲子,https://www.javbus.com/MDYD-438
SPRD-276 開かない、便所 中森玲子,SPRD-276 開かない、便所 中森玲子,SPRD-276,2009-04-02,124分鐘,西本達也,タカラ映像,ALEDDIN,開かない、便所,成熟的女人、放尿、數位馬賽克、羞恥、單體作品,中森玲子,https://www.javbus.com/SPRD-276
OKSN-009 お母さんのすべて 中森玲子,OKSN-009 お母さんのすべて 中森玲子,OKSN-009,2009-04-01,89分鐘,,ABC/妄想族,お母さん.com/ABC,美熟女プレミアムベスト,母親、亂倫、戀乳癖、眼鏡、巨乳、單體作品、DMM獨家,中森玲子,https://www.javbus.com/OKSN-009
JUFD-058 悶絶美熟女の卑猥な日常 爆乳でムッチムチなマンション管理人、玲子の場合 中森玲子,JUFD-058 悶絶美熟女の卑猥な日常 爆乳でムッチムチなマンション管理人、玲子の場合 中森玲子,JUFD-058,2009-03-25,110分鐘,沢庵,Fitch,Fitch,悶絶○○の卑猥な日常,成熟的女人、數位馬賽克、緊身衣、女上位、DVD多士爐、巨乳、單體作品、DMM獨家,中森玲子,https://www.javbus.com/JUFD-058
DRMA-010 路地裏人妻中出し 玲子,DRMA-010 路地裏人妻中出し 玲子,DRMA-010,2009-03-19,109分鐘,幸村ヒロシ,桃太郎映像出版,桃太郎映像出版,路地裏人妻中出し,野外・露出、紧缚、已婚婦女、中出、巨乳,中森玲子,https://www.javbus.com/DRMA-010
SVDVD-096 ダマせ！巨乳奥様の黒人解禁…そして童貞、さらに潮！ 中森玲子,SVDVD-096 ダマせ！巨乳奥様の黒人解禁…そして童貞、さらに潮！ 中森玲子,SVDVD-096,2009-03-05,135分鐘,ニューカジー風間,サディスティックヴィレッジ,サディスティックヴィレッジ,,乳交、已婚婦女、DVD多士爐、巨乳、單體作品、黑人演員,中森玲子,https://www.javbus.com/SVDVD-096
JUC-034 犯された義姉 中森玲子,JUC-034 犯された義姉 中森玲子,JUC-034,2009-02-25,117分鐘,ビンス東郷,マドンナ,Madonna,犯された義姉,成熟的女人、多P、數位馬賽克、巨乳、單體作品、DMM獨家,中森玲子,https://www.javbus.com/JUC-034
DMX-009 BBB ビッグ・ブーブス・バット 中森玲子,DMX-009 BBB ビッグ・ブーブス・バット 中森玲子,DMX-009,2009-02-01,183分鐘,デカメロン拳,実録出版,ENJOY,BBBビッグ・ブーブス・バット,乳交、戀乳癖、屁股、女上位、單體作品,中森玲子,https://www.javbus.com/DMX-009
JUFD-052 エロい美熟女の巨尻誘惑 中森玲子,JUFD-052 エロい美熟女の巨尻誘惑 中森玲子,JUFD-052,2009-01-25,118分鐘,旗大漁,Fitch,Fitch,エロい○○の巨尻誘惑,成熟的女人、連褲襪、屁股、巨乳、單體作品、DMM獨家、水手服,中森玲子,https://www.javbus.com/JUFD-052
RRNJ-003 背徳熟母 中森玲子,RRNJ-003 背徳熟母 中森玲子,RRNJ-003,2009-01-23,109分鐘,,KUKI,乱熟,背徳熟母,成熟的女人、母親、亂倫、巨乳、單體作品,中森玲子,https://www.javbus.com/RRNJ-003
PSD-352 「熟女の口はもっと嘘をつく。」 熟雌女anthology ＃041 中森玲子,PSD-352 「熟女の口はもっと嘘をつく。」 熟雌女anthology ＃041 中森玲子,PSD-352,2009-01-23,205分鐘,ラッシャーみよし,アウダースジャパン,PLUS,熟雌女anthology,蕩婦、成熟的女人、淫語、各種職業、主觀視角、單體作品,中森玲子,https://www.javbus.com/PSD-352
MBOX-025 中森玲子でござひます 4時間,MBOX-025 中森玲子でござひます 4時間,MBOX-025,2009-01-03,239分鐘,,タカラ映像,タカラビジュアル,○○ベスト4時間,成熟的女人、合集、數位馬賽克、女上位、巨乳、單體作品,中森玲子,https://www.javbus.com/MBOX-025
NWF-217 隣の奥さんはフェラチオ上手で精飲好きな美人妻 中森玲子,NWF-217 隣の奥さんはフェラチオ上手で精飲好きな美人妻 中森玲子,NWF-217,2009-01-01,121分鐘,,ワンズファクトリー,WANZ,隣の奥さんは○○,口交、已婚婦女、女上位、單體作品、吞精,中森玲子,https://www.javbus.com/NWF-217
JUKD-995 近所の痴女おばさんにパイズリされた野球少年 中森玲子,JUKD-995 近所の痴女おばさんにパイズリされた野球少年 中森玲子,JUKD-995,2008-12-25,117分鐘,きとるね川口,マドンナ,Madonna,,蕩婦、成熟的女人、乳交、數位馬賽克、巨乳、單體作品、DMM獨家,中森玲子,https://www.javbus.com/JUKD-995
DDB-079 僕の母をレイプしてください。 義母をレイプしてくれる人を募集します。 中森玲子,DDB-079 僕の母をレイプしてください。 義母をレイプしてくれる人を募集します。 中森玲子,DDB-079,2008-12-19,119分鐘,ビーバップ・みのる,ドグマ,Dogma,,母親、強姦、凌辱、眼鏡、單體作品,中森玲子,https://www.javbus.com/DDB-079
SCD-022 禁断介護22 ～絶倫義父の虜になった爆乳嫁～,SCD-022 禁断介護22 ～絶倫義父の虜になった爆乳嫁～,SCD-022,2008-12-18,138分鐘,,グローリークエスト,SEXCARE,禁断介護,亂倫、已婚婦女、舔陰、巨乳、單體作品,中森玲子,https://www.javbus.com/SCD-022
DOKS-053 爆乳魂 中森玲子,DOKS-053 爆乳魂 中森玲子,DOKS-053,2008-12-05,120分鐘,,OFFICEK’S,OFFICEK’S,,口交、乳交、巨乳、單體作品、自慰,中森玲子,https://www.javbus.com/DOKS-053
KOP-026 友人の妻 巨大爆乳輪に負けたオレの理性 中森玲子,KOP-026 友人の妻 巨大爆乳輪に負けたオレの理性 中森玲子,KOP-026,2008-11-27,120分鐘,,センタービレッジ,こまち,友人の妻,成熟的女人、已婚婦女、多P、巨乳、單體作品,中森玲子,https://www.javbus.com/KOP-026
R18-091 爆乳は一見にしかず 中森玲子,R18-091 爆乳は一見にしかず 中森玲子,R18-091,2008-11-21,117分鐘,,チェリーズ,平成2年生,爆乳は一見にしかず！,蕩婦、乳交、足交、巨乳、單體作品,中森玲子,https://www.javbus.com/R18-091
TDBT-009 爆乳女医の訪問診療 中森玲子,TDBT-009 爆乳女医の訪問診療 中森玲子,TDBT-009,2008-11-07,71分鐘,,虎堂,BUSTYTOKYO,,乳交、女醫生、舔陰、女上位、巨乳、單體作品,中森玲子,https://www.javbus.com/TDBT-009
JUKD-965 巨乳人妻訪問販売 私のオッパイ買ってくれませんか？ 中森玲子,JUKD-965 巨乳人妻訪問販売 私のオッパイ買ってくれませんか？ 中森玲子,JUKD-965,2008-11-07,118分鐘,竹内法博,マドンナ,Madonna,巨乳人妻訪問販売,乳交、已婚婦女、數位馬賽克、女上位、巨乳、單體作品、DMM獨家,中森玲子,https://www.javbus.com/JUKD-965
JUKD-952 義母姦淫奴隷 裏切りの恥辱遊戯 中森玲子,JUKD-952 義母姦淫奴隷 裏切りの恥辱遊戯 中森玲子,JUKD-952,2008-10-25,118分鐘,夢童子,マドンナ,Madonna,義母姦淫奴隷,成熟的女人、多P、數位馬賽克、性奴、婆婆、單體作品、DMM獨家,中森玲子,https://www.javbus.com/JUKD-952
SPRD-234 美尻奥さま騎乗位狂い 中森玲子,SPRD-234 美尻奥さま騎乗位狂い 中森玲子,SPRD-234,2008-10-16,116分鐘,,タカラ映像,ALEDDIN,美尻奥さま騎乗位狂い,成熟的女人、已婚婦女、數位馬賽克、女上位、單體作品,中森玲子,https://www.javbus.com/SPRD-234
BML-016 巨乳人妻援●交際中出し 中林礼子 30歳,BML-016 巨乳人妻援●交際中出し 中林礼子 30歳,BML-016,2008-10-02,119分鐘,,グローリークエスト,BENTENM’SLABEL,巨乳人妻援●交際中出し,紧缚、已婚婦女、中出、巨乳、單體作品,中森玲子,https://www.javbus.com/BML-016
NWJK-038 ママの巨乳で癒されたい 中森玲子,NWJK-038 ママの巨乳で癒されたい 中森玲子,NWJK-038,2008-09-18,74分鐘,,タカラ映像,熟恋,ママの巨乳で癒されたい,成熟的女人、亂倫、數位馬賽克、巨乳、單體作品,中森玲子,https://www.javbus.com/NWJK-038
SUK-002 スケ透けえろ女 中森玲子,SUK-002 スケ透けえろ女 中森玲子,SUK-002,2008-09-13,97分鐘,網走ゴロー,AVScollector’s,AVSPROJECT,スケ透けえろ女,女上位、手指插入、巨乳、單體作品、DMM獨家,中森玲子,https://www.javbus.com/SUK-002
NWF-170 デカパイでか尻ソープ嬢 中森玲子,NWF-170 デカパイでか尻ソープ嬢 中森玲子,NWF-170,2008-09-01,121分鐘,,ワンズファクトリー,WANZ,デカパイでか尻ソープ嬢,乳交、妓女、女上位、巨乳、單體作品,中森玲子,https://www.javbus.com/NWF-170
NHDT-693 美尻エステナンパ,NHDT-693 美尻エステナンパ,NHDT-693,2008-08-21,231分鐘,,ナチュラルハイ,NATURALHIGH,,乳交、屁股、女上位、美容院,中森玲子,https://www.javbus.com/NHDT-693
NADE-334 エロ下着姿でダイエット中の巨乳義母に中出ししちゃいました！ 中森玲子,NADE-334 エロ下着姿でダイエット中の巨乳義母に中出ししちゃいました！ 中森玲子,NADE-334,2008-08-18,98分鐘,,なでしこ,Nadeshiko,エロ下着姿でダイエット中の巨乳義母に中出ししちゃいました！,胖女人、中出、婆婆、巨乳、單體作品、內衣,中森玲子,https://www.javbus.com/NADE-334
KOJ-036 くねるムチムチお姉さんと密室デート16 玲子,KOJ-036 くねるムチムチお姉さんと密室デート16 玲子,KOJ-036,2008-08-13,118分鐘,渡辺琢斗,AVScollector’s,個人,くねるムチムチお姉さんと密室デート,連褲襪、姐姐、緊身衣、女上位、巨乳、單體作品、DMM獨家,中森玲子,https://www.javbus.com/KOJ-036
SPRD-208 息子に揉まれ日和な母 中森玲子,SPRD-208 息子に揉まれ日和な母 中森玲子,SPRD-208,2008-08-02,116分鐘,,タカラ映像,ALEDDIN,息子に揉まれ○○,成熟的女人、亂倫、數位馬賽克、巨乳、單體作品,中森玲子,https://www.javbus.com/SPRD-208
SPRD-199 奥さんアナタ…コンド～ムを万引きしましたね？ 中森玲子,SPRD-199 奥さんアナタ…コンド～ムを万引きしましたね？ 中森玲子,SPRD-199,2008-07-03,124分鐘,西本達也,タカラ映像,ALEDDIN,奥さんアナタ…コンド～ムを万引きしましたね？,已婚婦女、多P、數位馬賽克、巨乳、單體作品,中森玲子,https://www.javbus.com/SPRD-199
NWJK-026 真・奥さん乳揉みですよ！！ 中森玲子,NWJK-026 真・奥さん乳揉みですよ！！ 中森玲子,NWJK-026,2008-06-05,95分鐘,,タカラ映像,熟恋,真・奥さん乳揉みですよ！！,成熟的女人、已婚婦女、數位馬賽克、巨乳、單體作品,中森玲子,https://www.javbus.com/NWJK-026
CADR-225 MEGAグラマラス100cmHカップ 中森玲子,CADR-225 MEGAグラマラス100cmHカップ 中森玲子,CADR-225,2008-06-05,86分鐘,,メディアバンク,Carnival,MEGAグラマラス,乳交、潮吹、乳液、中出、巨乳、單體作品,中森玲子,https://www.javbus.com/CADR-225
