"标题","名称","識別碼","發行日期","長度","導演","製作商","發行商","系列","類別","演員","详情页"
"OFJE-657 顔だけでもヌケるのにおっぱいがスッゴイ！！宇宙最高のチ○ポ丸呑み爆乳パイズリ90挟射ベスト","OFJE-657 顔だけでもヌケるのにおっぱいがスッゴイ！！宇宙最高のチ○ポ丸呑み爆乳パイズリ90挟射ベスト","OFJE-657","2026-09-04","477分鐘","","エスワン ナンバーワンスタイル","S1 NO.1 STYLE","S1 GIRLS COLLECTION","苗條、乳交、戀乳癖、姐姐、4小時以上作品、高畫質、巨乳、DMM獨家","多人","https://www.javbus.com/OFJE-657"
"OFJE-654 S1史上最高の女体が汚いおっさんにねっちょり舐め犯●れる 熟練ベロ技に堕ちたS1美女たち40本番7時間","OFJE-654 S1史上最高の女体が汚いおっさんにねっちょり舐め犯●れる 熟練ベロ技に堕ちたS1美女たち40本番7時間","OFJE-654","2026-08-21","417分鐘","","エスワン ナンバーワンスタイル","S1 NO.1 STYLE","S1 GIRLS COLLECTION","花癡、凌辱、4小時以上作品、高畫質、キス・接吻、巨乳、アクメ・オーガズム、DMM獨家","多人","https://www.javbus.com/OFJE-654"
"OFJE-646 むっちり巨乳…たまらねぇ… エスワン美乳女優の最高おっぱい揉みっぱなし主観性交8時間","OFJE-646 むっちり巨乳…たまらねぇ… エスワン美乳女優の最高おっぱい揉みっぱなし主観性交8時間","OFJE-646","2026-07-10","474分鐘","","エスワン ナンバーワンスタイル","S1 NO.1 STYLE","S1 GIRLS COLLECTION","乳交、合集、戀乳癖、4小時以上作品、主觀視角、高畫質、巨乳、DMM獨家","多人","https://www.javbus.com/OFJE-646"
"OFJE-612 誰もが抱きたかったあのS1女優たちをまとめて相手しちゃう最高美女25人とハーレム性交","OFJE-612 誰もが抱きたかったあのS1女優たちをまとめて相手しちゃう最高美女25人とハーレム性交","OFJE-612","2026-06-26","481分鐘","","エスワン ナンバーワンスタイル","S1 NO.1 STYLE","S1 GIRLS COLLECTION","乳交、多P、4小時以上作品、高畫質、ハーレム、巨乳、アクメ・オーガズム、DMM獨家","多人","https://www.javbus.com/OFJE-612"
"OFJE-632 S1美女の顔がトロけて 神ボディ爆乳が暴れる！ ‘イキ美顔＆乳揺れ’ 同時堪能できる 男の理想ピストン","OFJE-632 S1美女の顔がトロけて 神ボディ爆乳が暴れる！ ‘イキ美顔＆乳揺れ’ 同時堪能できる 男の理想ピストン","OFJE-632","2026-05-21","441分鐘","","エスワン ナンバーワンスタイル","S1 NO.1 STYLE","S1 GIRLS COLLECTION","戀乳癖、花癡、女上位、4小時以上作品、高畫質、巨乳、アクメ・オーガズム、DMM獨家","多人","https://www.javbus.com/OFJE-632"
"OFJE-633 S1総選挙2026 ユーザーSNS投票で選ばれた 「一番ヌケるAV企画」 選抜50本番 ～コアユーザーのみが知る推薦コメント付き～","OFJE-633 S1総選挙2026 ユーザーSNS投票で選ばれた 「一番ヌケるAV企画」 選抜50本番 ～コアユーザーのみが知る推薦コメント付き～","OFJE-633","2026-05-21","481分鐘","","エスワン ナンバーワンスタイル","S1 NO.1 STYLE","S1 GIRLS COLLECTION","企畫、口交、合集、4小時以上作品、高畫質、キス・接吻、巨乳、DMM獨家","多人","https://www.javbus.com/OFJE-633"
"OFJE-630 AIが抽出した究極美尻女優のチラリズム映像 日本一シコれるパンチラAV 8時間","OFJE-630 AIが抽出した究極美尻女優のチラリズム映像 日本一シコれるパンチラAV 8時間","OFJE-630","2026-05-07","468分鐘","","エスワン ナンバーワンスタイル","S1 NO.1 STYLE","S1 GIRLS COLLECTION","合集、屁股、戀腿癖、制服、4小時以上作品、高畫質、內衣、DMM獨家","多人","https://www.javbus.com/OFJE-630"
"OFJE-631 顔は清純、脱いだら凶器！暴力的にエロいギャップボディと80SEX「え、この顔でこの体！？」予想外の美体を持つ選ばれし女達","OFJE-631 顔は清純、脱いだら凶器！暴力的にエロいギャップボディと80SEX「え、この顔でこの体！？」予想外の美体を持つ選ばれし女達","OFJE-631","2026-05-07","481分鐘","","エスワン ナンバーワンスタイル","S1 NO.1 STYLE","S1 GIRLS COLLECTION","苗條、偶像藝人、花癡、美少女、4小時以上作品、高畫質、巨乳、DMM獨家","多人","https://www.javbus.com/OFJE-631"
"OFJE-626 おとなしそうな巨乳少女は発情男に迫られ無理やりイ・カ・さ・れ・る！70本番8時間","OFJE-626 おとなしそうな巨乳少女は発情男に迫られ無理やりイ・カ・さ・れ・る！70本番8時間","OFJE-626","2026-04-23","481分鐘","","エスワン ナンバーワンスタイル","S1 NO.1 STYLE","S1 GIRLS COLLECTION","合集、戀乳癖、4小時以上作品、高畫質、巨乳、アクメ・オーガズム、M女、DMM獨家","多人","https://www.javbus.com/OFJE-626"
"OFJE-709 最高美乳を持つ女優のベスポジ正面おっぱい！女体と対面アングルで爆乳前面ダイナミック超堪能！フロント乳揺れ激ピストンラッシュ100本番8時間","OFJE-709 最高美乳を持つ女優のベスポジ正面おっぱい！女体と対面アングルで爆乳前面ダイナミック超堪能！フロント乳揺れ激ピストンラッシュ100本番8時間","OFJE-709","2026-04-23","481分鐘","","エスワン ナンバーワンスタイル","S1 NO.1 STYLE","S1 GIRLS COLLECTION","戀乳癖、女上位、4小時以上作品、高畫質、超乳、巨乳、バック、DMM獨家","多人","https://www.javbus.com/OFJE-709"
"OFJE-620 日本で最も美しい顔のAV女優たち100のセックス S1 GIRLS COLLECTION 1000タイトル記念作品","OFJE-620 日本で最も美しい顔のAV女優たち100のセックス S1 GIRLS COLLECTION 1000タイトル記念作品","OFJE-620","2026-03-26","462分鐘","","エスワン ナンバーワンスタイル","S1 NO.1 STYLE","S1 GIRLS COLLECTION","口交、合集、美少女、4小時以上作品、高畫質、キス・接吻、巨乳、DMM獨家","多人","https://www.javbus.com/OFJE-620"
"OFJE-622 日本トップクラスグラマー女体の感度ブチ上げるオイルローション全身デコレーション性交 これがAV界最高峰のヌルテカ肉感ベスト62選","OFJE-622 日本トップクラスグラマー女体の感度ブチ上げるオイルローション全身デコレーション性交 これがAV界最高峰のヌルテカ肉感ベスト62選","OFJE-622","2026-03-26","445分鐘","","エスワン ナンバーワンスタイル","S1 NO.1 STYLE","S1 GIRLS COLLECTION","乳交、合集、乳液、4小時以上作品、高畫質、巨乳、DMM獨家","多人","https://www.javbus.com/OFJE-622"
"OFJE-617 恥ずかしいのにイッちゃうぅ！！ こんな特級美女のクリ・小陰唇・膣内までもさ・ら・け・出・し！！マングバおっぴらき下品絶頂100","OFJE-617 恥ずかしいのにイッちゃうぅ！！ こんな特級美女のクリ・小陰唇・膣内までもさ・ら・け・出・し！！マングバおっぴらき下品絶頂100","OFJE-617","2026-03-19","465分鐘","","エスワン ナンバーワンスタイル","S1 NO.1 STYLE","S1 GIRLS COLLECTION","潮吹、合集、多P、4小時以上作品、女優按摩棒、高畫質、アクメ・オーガズム、DMM獨家","多人","https://www.javbus.com/OFJE-617"
"OFJE-616 美顔最強パイズリ94 お顔もおっぱいも国宝級美女27名にズリ抜かれる圧倒カ・イ・カ・ン","OFJE-616 美顔最強パイズリ94 お顔もおっぱいも国宝級美女27名にズリ抜かれる圧倒カ・イ・カ・ン","OFJE-616","2026-03-05","438分鐘","","エスワン ナンバーワンスタイル","S1 NO.1 STYLE","S1 GIRLS COLLECTION","乳交、合集、戀乳癖、美少女、4小時以上作品、高畫質、巨乳、DMM獨家","多人","https://www.javbus.com/OFJE-616"
"OFJE-615 「今エスワン女優とSEXしてるじゃん！」美人がイキよがるのを完全アナタ目線で！バーチャルSEXハメ撮り49本番","OFJE-615 「今エスワン女優とSEXしてるじゃん！」美人がイキよがるのを完全アナタ目線で！バーチャルSEXハメ撮り49本番","OFJE-615","2026-03-05","481分鐘","","エスワン ナンバーワンスタイル","S1 NO.1 STYLE","S1 GIRLS COLLECTION","第一人稱攝影、合集、美少女、4小時以上作品、主觀視角、高畫質、巨乳、DMM獨家","多人","https://www.javbus.com/OFJE-615"
"OFJE-611 圧倒的イイ女たちがどんなに逆らっても無理やり絶頂させられる屈辱イカサレ●プ8時間 AI映像抽出シーン厳選 スペシャル","OFJE-611 圧倒的イイ女たちがどんなに逆らっても無理やり絶頂させられる屈辱イカサレ●プ8時間 AI映像抽出シーン厳選 スペシャル","OFJE-611","2026-02-19","468分鐘","","エスワン ナンバーワンスタイル","S1 NO.1 STYLE","S1 GIRLS COLLECTION","口交、合集、姐姐、4小時以上作品、高畫質、巨乳、アクメ・オーガズム、DMM獨家","多人","https://www.javbus.com/OFJE-611"
"OFJE-607 全身震える程イキまくり 乳も弾みまくる最高アングル！ Iカップ超え超乳女優だけを集めた乳暴れイカセ","OFJE-607 全身震える程イキまくり 乳も弾みまくる最高アングル！ Iカップ超え超乳女優だけを集めた乳暴れイカセ","OFJE-607","2026-02-19","481分鐘","","エスワン ナンバーワンスタイル","S1 NO.1 STYLE","S1 GIRLS COLLECTION","合集、戀乳癖、4小時以上作品、高畫質、超乳、巨乳、アクメ・オーガズム、DMM獨家","多人","https://www.javbus.com/OFJE-607"
"OFJE-606 業界最高峰の美女達がプロ男優の舐め技で下品イキ！ エスワン20年史からAI検出したSEXよりエロい 絶頂クンニ 超レア映像115選","OFJE-606 業界最高峰の美女達がプロ男優の舐め技で下品イキ！ エスワン20年史からAI検出したSEXよりエロい 絶頂クンニ 超レア映像115選","OFJE-606","2026-02-05","435分鐘","","エスワン ナンバーワンスタイル","S1 NO.1 STYLE","S1 GIRLS COLLECTION","合集、美少女、舔陰、4小時以上作品、高畫質、巨乳、アクメ・オーガズム、DMM獨家","多人","https://www.javbus.com/OFJE-606"
"OFJE-603 国宝級S1美人たちが現実離れの大量ペ●スに囲まれどんどんどんどんスケベになっていく ケダモノ覚醒66乱交","OFJE-603 国宝級S1美人たちが現実離れの大量ペ●スに囲まれどんどんどんどんスケベになっていく ケダモノ覚醒66乱交","OFJE-603","2026-02-05","481分鐘","","エスワン ナンバーワンスタイル","S1 NO.1 STYLE","S1 GIRLS COLLECTION","濫交、合集、花癡、多P、4小時以上作品、高畫質、巨乳、DMM獨家","多人","https://www.javbus.com/OFJE-603"
"OFJE-599 それはそれはキレイなオッパイにぶっかける！ S1美乳女優、過去5年分から捜し出した パイ射の極み203連発6時間","OFJE-599 それはそれはキレイなオッパイにぶっかける！ S1美乳女優、過去5年分から捜し出した パイ射の極み203連発6時間","OFJE-599","2026-01-22","392分鐘","","エスワン ナンバーワンスタイル","S1 NO.1 STYLE","S1 GIRLS COLLECTION","濫交、乳交、合集、4小時以上作品、高畫質、巨乳、DMM獨家、顏射","多人","https://www.javbus.com/OFJE-599"
"OFJE-598 「これ絶対気持ちいいやつ…」 顔もテクも圧巻エスワン女優のチ●ポしゃぶりがモロ見え！超・鮮・明！！究極のディルドフェラ映像45連発！","OFJE-598 「これ絶対気持ちいいやつ…」 顔もテクも圧巻エスワン女優のチ●ポしゃぶりがモロ見え！超・鮮・明！！究極のディルドフェラ映像45連発！","OFJE-598","2026-01-08","474分鐘","","エスワン ナンバーワンスタイル","S1 NO.1 STYLE","S1 GIRLS COLLECTION","口交、合集、4小時以上作品、主觀視角、高畫質、ディルド、DMM獨家、打手槍","多人","https://www.javbus.com/OFJE-598"
"OFJE-596 エスワン2026新春記念 AVスター大集合200コーナー AV史No.1福袋15時間","OFJE-596 エスワン2026新春記念 AVスター大集合200コーナー AV史No.1福袋15時間","OFJE-596","2026-01-08","925分鐘","","エスワン ナンバーワンスタイル","S1 NO.1 STYLE","S1 GIRLS COLLECTION","乳交、合集、4小時以上作品、高畫質、出軌、アクメ・オーガズム、DMM獨家","多人","https://www.javbus.com/OFJE-596"
"OFJE-595 馬乗りパイズリ 67射精ラッシュ 顔も胸もトップクラスS1女優のあざとい美顔と超乳圧おっぱいを見下ろす征服感！","OFJE-595 馬乗りパイズリ 67射精ラッシュ 顔も胸もトップクラスS1女優のあざとい美顔と超乳圧おっぱいを見下ろす征服感！","OFJE-595","2025-12-25","240分鐘","","エスワン ナンバーワンスタイル","S1 NO.1 STYLE","S1 GIRLS COLLECTION","乳交、合集、戀乳癖、美少女、4小時以上作品、高畫質、巨乳、DMM獨家","多人","https://www.javbus.com/OFJE-595"
"OFJE-590 絶対ヌケるS1女優の絶頂映像！性感覚醒おもちゃ責め、掻き回し手マン、巨根突きFUCK 全AV史上最もイキまくるア・ク・メ90選","OFJE-590 絶対ヌケるS1女優の絶頂映像！性感覚醒おもちゃ責め、掻き回し手マン、巨根突きFUCK 全AV史上最もイキまくるア・ク・メ90選","OFJE-590","2025-12-18","399分鐘","","エスワン ナンバーワンスタイル","S1 NO.1 STYLE","S1 GIRLS COLLECTION","偶像藝人、潮吹、花癡、4小時以上作品、高畫質、巨乳、アクメ・オーガズム、DMM獨家","多人","https://www.javbus.com/OFJE-590"
"OFJE-588 ぢゅぱぢゅぱジュルルぅぅ 見ているだけで超勃起…顔面最強美女によるディープキス性交 110本番12時間","OFJE-588 ぢゅぱぢゅぱジュルルぅぅ 見ているだけで超勃起…顔面最強美女によるディープキス性交 110本番12時間","OFJE-588","2025-12-04","716分鐘","","エスワン ナンバーワンスタイル","S1 NO.1 STYLE","S1 GIRLS COLLECTION","蕩婦、合集、美少女、4小時以上作品、女同接吻、高畫質、キス・接吻、DMM獨家","多人","https://www.javbus.com/OFJE-588"
"OFJE-585 あのS1女優も絶対服従！！ 口とマ●コ同時に肉棒ぶち込み抵抗が出来ない串挿し乱交（OFJE-585）","OFJE-585 あのS1女優も絶対服従！！ 口とマ●コ同時に肉棒ぶち込み抵抗が出来ない串挿し乱交（OFJE-585）","OFJE-585","2025-11-20","471分鐘","","エスワン ナンバーワンスタイル","S1 NO.1 STYLE","","濫交、合集、花癡、深喉、4小時以上作品、高畫質、アクメ・オーガズム、DMM獨家","多人","https://www.javbus.com/OFJE-585"
"OFJE-580 今だめぇぇええ！ イったと同時に超加速！子宮まるごとチ●ポでえぐり上げる 突き上げピストン110本番","OFJE-580 今だめぇぇええ！ イったと同時に超加速！子宮まるごとチ●ポでえぐり上げる 突き上げピストン110本番","OFJE-580","2025-11-06","481分鐘","","エスワン ナンバーワンスタイル","S1 NO.1 STYLE","S1 GIRLS COLLECTION","潮吹、合集、花癡、女上位、4小時以上作品、高畫質、アクメ・オーガズム、DMM獨家","多人","https://www.javbus.com/OFJE-580"
"OFJE-549 H・I・J・K・Lカップ揃い踏み！ S1が誇る100万人に1人の超乳女優 98コーナーベスト","OFJE-549 H・I・J・K・Lカップ揃い踏み！ S1が誇る100万人に1人の超乳女優 98コーナーベスト","OFJE-549","2025-10-23","481分鐘","","エスワン ナンバーワンスタイル","S1 NO.1 STYLE","S1 GIRLS COLLECTION","苗條、戀乳癖、4小時以上作品、高畫質、超乳、巨乳、アクメ・オーガズム、DMM獨家","多人","https://www.javbus.com/OFJE-549"
"OFJE-548 究極の優越快感！これ程までに整った顔面のお口をオナホ扱い肉棒ズボズボ！美顔ぞんざいフェラチオ150コーナー","OFJE-548 究極の優越快感！これ程までに整った顔面のお口をオナホ扱い肉棒ズボズボ！美顔ぞんざいフェラチオ150コーナー","OFJE-548","2025-10-23","481分鐘","","エスワン ナンバーワンスタイル","S1 NO.1 STYLE","S1 GIRLS COLLECTION","口交、偶像藝人、花癡、深喉、4小時以上作品、高畫質、M女、DMM獨家","多人","https://www.javbus.com/OFJE-548"
"OFJE-547 嫌なのに、電車なのに、痴●なのに、また快楽を求めてしまう、痴●に完全敗北した美女20名","OFJE-547 嫌なのに、電車なのに、痴●なのに、また快楽を求めてしまう、痴●に完全敗北した美女20名","OFJE-547","2025-10-09","457分鐘","","エスワン ナンバーワンスタイル","S1 NO.1 STYLE","S1 GIRLS COLLECTION","OL、花癡、4小時以上作品、高畫質、高中女生、巨乳、アクメ・オーガズム、DMM獨家","多人","https://www.javbus.com/OFJE-547"
"OFJE-546 下から覗くSEXが一番エロい！ ブルルン弾みパイとずぼずぼマ●コを同時堪能できるS1爆乳女優ローアングルSEX100本番ラッシュ","OFJE-546 下から覗くSEXが一番エロい！ ブルルン弾みパイとずぼずぼマ●コを同時堪能できるS1爆乳女優ローアングルSEX100本番ラッシュ","OFJE-546","2025-10-09","240分鐘","","エスワン ナンバーワンスタイル","S1 NO.1 STYLE","S1 GIRLS COLLECTION","戀乳癖、美少女、4小時以上作品、高畫質、巨乳、アクメ・オーガズム、バック、DMM獨家","多人","https://www.javbus.com/OFJE-546"
"OFJE-542 トップS1女優たちが 美巨乳・可愛いお口・名器マ●コの あらゆるヌキ技で昇天させる 怒涛の射精直前ラッシュ 94発射 再生1秒からいきなりクライマックス！！","OFJE-542 トップS1女優たちが 美巨乳・可愛いお口・名器マ●コの あらゆるヌキ技で昇天させる 怒涛の射精直前ラッシュ 94発射 再生1秒からいきなりクライマックス！！","OFJE-542","2025-09-25","470分鐘","","エスワン ナンバーワンスタイル","S1 NO.1 STYLE","S1 GIRLS COLLECTION","口交、乳交、花癡、4小時以上作品、高畫質、アクメ・オーガズム、DMM獨家、打手槍","多人","https://www.javbus.com/OFJE-542"
"OFJE-541 SSS級ボディが反ってうねって全身ブリッジ絶頂！膣奥の急所突きバックピストンBEST100本番8時間","OFJE-541 SSS級ボディが反ってうねって全身ブリッジ絶頂！膣奥の急所突きバックピストンBEST100本番8時間","OFJE-541","2025-09-18","481分鐘","","エスワン ナンバーワンスタイル","S1 NO.1 STYLE","S1 GIRLS COLLECTION","苗條、合集、4小時以上作品、高畫質、巨乳、アクメ・オーガズム、バック、DMM獨家","多人","https://www.javbus.com/OFJE-541"
"OFJE-536 ドッピュドピュドピュ～ S1至高女性の美顔へ大量ザーメンぶっ掛ける 究極の顔射 253連発8時間","OFJE-536 ドッピュドピュドピュ～ S1至高女性の美顔へ大量ザーメンぶっ掛ける 究極の顔射 253連発8時間","OFJE-536","2025-09-04","478分鐘","","エスワン ナンバーワンスタイル","S1 NO.1 STYLE","S1 GIRLS COLLECTION","口交、合集、美少女、4小時以上作品、高畫質、顏射、DMM獨家","多人","https://www.javbus.com/OFJE-536"
"OFJE-535 罪なき美人を食い漁る クズ男集団の大乱交レ●プ50輪●","OFJE-535 罪なき美人を食い漁る クズ男集団の大乱交レ●プ50輪●","OFJE-535","2025-08-21","481分鐘","","エスワン ナンバーワンスタイル","S1 NO.1 STYLE","S1 GIRLS COLLECTION","濫交、合集、花癡、凌辱、4小時以上作品、高畫質、アクメ・オーガズム、DMM獨家","多人","https://www.javbus.com/OFJE-535"
"OFJE-533 美しきS1女優達が多量媚薬でここまで異常に下品にガ・ン・ギ・マ・リ！超キメセク100本番","OFJE-533 美しきS1女優達が多量媚薬でここまで異常に下品にガ・ン・ギ・マ・リ！超キメセク100本番","OFJE-533","2025-08-21","458分鐘","","エスワン ナンバーワンスタイル","S1 NO.1 STYLE","S1 GIRLS COLLECTION","苗條、潮吹、花癡、4小時以上作品、高畫質、巨乳、アクメ・オーガズム、DMM獨家","多人","https://www.javbus.com/OFJE-533"
"OFJE-532 FANZA作品ランキングで1位を獲った売り上げナンバーワン女優だけ54人！！トップオブAV女優100SEX","OFJE-532 FANZA作品ランキングで1位を獲った売り上げナンバーワン女優だけ54人！！トップオブAV女優100SEX","OFJE-532","2025-08-07","472分鐘","","エスワン ナンバーワンスタイル","S1 NO.1 STYLE","S1 GIRLS COLLECTION","苗條、偶像藝人、美少女、4小時以上作品、高畫質、巨乳、アクメ・オーガズム、DMM獨家","多人","https://www.javbus.com/OFJE-532"
"OFJE-528 美しい白肌× 美しいおっぱい× 4K機材撮影 業界最高峰の 純白美巨乳たちと 40SEX 高画質映像スペシャル","OFJE-528 美しい白肌× 美しいおっぱい× 4K機材撮影 業界最高峰の 純白美巨乳たちと 40SEX 高画質映像スペシャル","OFJE-528","2025-07-25","481分鐘","","エスワン ナンバーワンスタイル","S1 NO.1 STYLE","S1 GIRLS COLLECTION","偶像藝人、戀乳癖、乳房、4小時以上作品、高畫質、巨乳、アクメ・オーガズム、4K、DMM獨家","多人","https://www.javbus.com/OFJE-528"
"OFJE-525 エッロい痙攣イキと反りカーブ女体美を同時堪能！！ 究極エビ反り絶頂98本番","OFJE-525 エッロい痙攣イキと反りカーブ女体美を同時堪能！！ 究極エビ反り絶頂98本番","OFJE-525","2025-07-18","471分鐘","","エスワン ナンバーワンスタイル","S1 NO.1 STYLE","S1 GIRLS COLLECTION","苗條、合集、花癡、4小時以上作品、高畫質、巨乳、アクメ・オーガズム、DMM獨家","多人","https://www.javbus.com/OFJE-525"
"OFJE-523 こ、こ、こんな美人が！！！ 野獣ペニスに囲まれると次々と舐めしゃぶっていく お口乱交フェラビッチ 187発射8時間","OFJE-523 こ、こ、こんな美人が！！！ 野獣ペニスに囲まれると次々と舐めしゃぶっていく お口乱交フェラビッチ 187発射8時間","OFJE-523","2025-07-04","481分鐘","","エスワン ナンバーワンスタイル","S1 NO.1 STYLE","S1 GIRLS COLLECTION","濫交、口交、合集、多P、4小時以上作品、高畫質、顏射、DMM獨家","多人","https://www.javbus.com/OFJE-523"
"OFJE-519 絶世のS1美女に大量ペニスを！発情男たちから次々にブッ挿されてはブッカケられる132射精ドロドロ大乱交","OFJE-519 絶世のS1美女に大量ペニスを！発情男たちから次々にブッ挿されてはブッカケられる132射精ドロドロ大乱交","OFJE-519","2025-06-20","448分鐘","","エスワン ナンバーワンスタイル","S1 NO.1 STYLE","S1 GIRLS COLLECTION","濫交、合集、花癡、4小時以上作品、高畫質、巨乳、アクメ・オーガズム、DMM獨家","多人","https://www.javbus.com/OFJE-519"
"OFJE-517 衣服を剥ぎ取りボロンさせちゃう！ けしからん着衣おっぱい 爆乳むきむき性交55本番12時間","OFJE-517 衣服を剥ぎ取りボロンさせちゃう！ けしからん着衣おっぱい 爆乳むきむき性交55本番12時間","OFJE-517","2025-06-06","710分鐘","","エスワン ナンバーワンスタイル","S1 NO.1 STYLE","S1 GIRLS COLLECTION","乳交、合集、戀乳癖、4小時以上作品、高畫質、猥褻穿著、巨乳、DMM獨家","多人","https://www.javbus.com/OFJE-517"
"OFJE-513 傑作スーパーボディ集 ベスト100人16時間 ♯S1創業20周年 ♯AV史上最強キャスト集合 ♯美巨乳 ♯美くびれ ♯美巨尻 ♯日本人トップ2 ％の希少女体","OFJE-513 傑作スーパーボディ集 ベスト100人16時間 ♯S1創業20周年 ♯AV史上最強キャスト集合 ♯美巨乳 ♯美くびれ ♯美巨尻 ♯日本人トップ2 ％の希少女体","OFJE-513","2025-05-23","962分鐘","","エスワン ナンバーワンスタイル","S1 NO.1 STYLE","S1 GIRLS COLLECTION","苗條、合集、戀乳癖、高畫質、16時間以上作品、巨尻、巨乳、DMM獨家","多人","https://www.javbus.com/OFJE-513"
"OFJE-512 キングオブエロ痴女優21人 トップ美女たちがSEXを！快感を！思う存分楽しむ 女性上位のアンアン イクイク 騎乗位100","OFJE-512 キングオブエロ痴女優21人 トップ美女たちがSEXを！快感を！思う存分楽しむ 女性上位のアンアン イクイク 騎乗位100","OFJE-512","2025-05-23","481分鐘","","エスワン ナンバーワンスタイル","S1 NO.1 STYLE","S1 GIRLS COLLECTION","蕩婦、合集、姐姐、女上位、4小時以上作品、高畫質、アクメ・オーガズム、DMM獨家","多人","https://www.javbus.com/OFJE-512"
"OFJE-509 エロすぎる巨乳が悪いんだ！揉み舐めブッかけられる乳みどろレ×プ7時間","OFJE-509 エロすぎる巨乳が悪いんだ！揉み舐めブッかけられる乳みどろレ×プ7時間","OFJE-509","2025-05-09","461分鐘","","エスワン ナンバーワンスタイル","S1 NO.1 STYLE","S1 GIRLS COLLECTION","乳交、合集、花癡、4小時以上作品、高畫質、出軌、巨乳、DMM獨家","多人","https://www.javbus.com/OFJE-509"
"OFJE-505 乳ワイパー トップS1女優45名、過去5年分から探り当てた究極フェチ映像集67作品ラッシュ","OFJE-505 乳ワイパー トップS1女優45名、過去5年分から探り当てた究極フェチ映像集67作品ラッシュ","OFJE-505","2025-04-25","232分鐘","","エスワン ナンバーワンスタイル","S1 NO.1 STYLE","S1 GIRLS COLLECTION","苗條、其他戀物癖、美少女、高畫質、巨乳、バック、DMM獨家","多人","https://www.javbus.com/OFJE-505"
"OFJE-503 超美顔S1女優たちが射精後のネバネバペニス舐め上げ尿道に溜まったザーメン吸い取る人生最高のお掃除フェラ132発ベスト","OFJE-503 超美顔S1女優たちが射精後のネバネバペニス舐め上げ尿道に溜まったザーメン吸い取る人生最高のお掃除フェラ132発ベスト","OFJE-503","2025-04-18","452分鐘","","エスワン ナンバーワンスタイル","S1 NO.1 STYLE","S1 GIRLS COLLECTION","蕩婦、苗條、口交、美少女、4小時以上作品、高畫質、顏射、DMM獨家","多人","https://www.javbus.com/OFJE-503"
"OFJE-500 S1女優68名の最高潮のイクイク！！ フィニッシュ前で盛り上がるクライマックス絶頂シーンだけ収録！！ 射精寸前ピストンラッシュ199連発","OFJE-500 S1女優68名の最高潮のイクイク！！ フィニッシュ前で盛り上がるクライマックス絶頂シーンだけ収録！！ 射精寸前ピストンラッシュ199連発","OFJE-500","2025-04-04","467分鐘","","エスワン ナンバーワンスタイル","S1 NO.1 STYLE","S1 GIRLS COLLECTION","潮吹、合集、花癡、4小時以上作品、高畫質、顏射、アクメ・オーガズム、DMM獨家","多人","https://www.javbus.com/OFJE-500"
"OFJE-498 S1美巨乳女優でHカップ以上限定！ 重量も弾力も柔らかさもアナタ目線で感じるパイズリ＆SEX！おっぱい好きのための完全主観！没‘乳’オナニーサポート映像7時間","OFJE-498 S1美巨乳女優でHカップ以上限定！ 重量も弾力も柔らかさもアナタ目線で感じるパイズリ＆SEX！おっぱい好きのための完全主観！没‘乳’オナニーサポート映像7時間","OFJE-498","2025-04-04","434分鐘","","エスワン ナンバーワンスタイル","S1 NO.1 STYLE","S1 GIRLS COLLECTION","乳交、戀乳癖、4小時以上作品、主觀視角、高畫質、超乳、オナサポ、DMM獨家","多人","https://www.javbus.com/OFJE-498"
"OFJE-488 神乳セックスを4K機材撮影映像で！ユーザーレビューで評価の高い名器おっぱい20選 オール38本番ベスト","OFJE-488 神乳セックスを4K機材撮影映像で！ユーザーレビューで評価の高い名器おっぱい20選 オール38本番ベスト","OFJE-488","2025-03-21","457分鐘","","エスワン ナンバーワンスタイル","S1 NO.1 STYLE","S1 GIRLS COLLECTION","乳交、合集、戀乳癖、4小時以上作品、高畫質、巨乳、アクメ・オーガズム、4K、DMM獨家","多人","https://www.javbus.com/OFJE-488"
"OFJE-494 絶頂リミット超えの更に先に強・制・連・行！！エンドレス突き上げピストン100本番","OFJE-494 絶頂リミット超えの更に先に強・制・連・行！！エンドレス突き上げピストン100本番","OFJE-494","2025-03-07","463分鐘","","エスワン ナンバーワンスタイル","S1 NO.1 STYLE","S1 GIRLS COLLECTION","潮吹、美少女、女上位、4小時以上作品、子宮頸、高畫質、アクメ・オーガズム、DMM獨家","多人","https://www.javbus.com/OFJE-494"
"OFJE-491 雄♂の理性をぶち壊す 触りたくなる極柔おっぱいS級女優の 無自覚な着衣巨乳誘惑 パイズリ＆セックス72コーナー","OFJE-491 雄♂の理性をぶち壊す 触りたくなる極柔おっぱいS級女優の 無自覚な着衣巨乳誘惑 パイズリ＆セックス72コーナー","OFJE-491","2025-03-07","456分鐘","","エスワン ナンバーワンスタイル","S1 NO.1 STYLE","S1 GIRLS COLLECTION","乳交、戀乳癖、4小時以上作品、高畫質、巨乳、ノーブラ、DMM獨家","多人","https://www.javbus.com/OFJE-491"
"OFJE-584 一生に一度は挟まれたい至高のおっぱいによる究極パイズリ 奇跡のH，I，J，K，Lcup超乳で132連射8時間","OFJE-584 一生に一度は挟まれたい至高のおっぱいによる究極パイズリ 奇跡のH，I，J，K，Lcup超乳で132連射8時間","OFJE-584","2025-01-10","481分鐘","","エスワン ナンバーワンスタイル","S1 NO.1 STYLE","S1 GIRLS COLLECTION","苗條、乳交、戀乳癖、美少女、4小時以上作品、高畫質、超乳、DMM獨家","多人","https://www.javbus.com/OFJE-584"
"OFJE-480 謹賀新年 S1超豪華 姫始めBEST2025 日本NO.1メーカーの極上福袋 100コーナー16時間スペシャル","OFJE-480 謹賀新年 S1超豪華 姫始めBEST2025 日本NO.1メーカーの極上福袋 100コーナー16時間スペシャル","OFJE-480","2025-01-10","962分鐘","","エスワン ナンバーワンスタイル","S1 NO.1 STYLE","S1 GIRLS COLLECTION","蕩婦、第一人稱攝影、乳交、高畫質、16時間以上作品、オナサポ、DMM獨家","多人","https://www.javbus.com/OFJE-480"
"OFJE-478 エスワン20周年記念作品 オンナはここまでエロくなる！トップS級女優がすっごい性感責めでヤッバい絶頂しまくる過去一番の異常オーガズム100性交","OFJE-478 エスワン20周年記念作品 オンナはここまでエロくなる！トップS級女優がすっごい性感責めでヤッバい絶頂しまくる過去一番の異常オーガズム100性交","OFJE-478","2024-12-27","481分鐘","","エスワン ナンバーワンスタイル","S1 NO.1 STYLE","S1 GIRLS COLLECTION","潮吹、合集、花癡、4小時以上作品、高畫質、アクメ・オーガズム、DMM獨家","多人","https://www.javbus.com/OFJE-478"
"OFJE-479 AV史上今が全盛期！最上級クラスのルックスとボディを持つS1女優36名大集結！日本一のS級単体メーカーで2024年記録更新するほど売れた100タイトル16時間4枚組スペシャル","OFJE-479 AV史上今が全盛期！最上級クラスのルックスとボディを持つS1女優36名大集結！日本一のS級単体メーカーで2024年記録更新するほど売れた100タイトル16時間4枚組スペシャル","OFJE-479","2024-12-27","962分鐘","","エスワン ナンバーワンスタイル","S1 NO.1 STYLE","S1 GIRLS COLLECTION","偶像藝人、合集、高畫質、出軌、16時間以上作品、アクメ・オーガズム、DMM獨家","多人","https://www.javbus.com/OFJE-479"
"OFJE-476 最高のオンナを最もエロく楽しめる4K機材撮影×S1美女体！！ 高画質で高没入できる超鮮明エロティック映像 オール濃密セックス40本番8時間","OFJE-476 最高のオンナを最もエロく楽しめる4K機材撮影×S1美女体！！ 高画質で高没入できる超鮮明エロティック映像 オール濃密セックス40本番8時間","OFJE-476","2024-12-20","480分鐘","","エスワン ナンバーワンスタイル","S1 NO.1 STYLE","S1 GIRLS COLLECTION","苗條、合集、美少女、乳房、高畫質、巨乳、4K、DMM獨家","多人","https://www.javbus.com/OFJE-476"
"OFJE-473 日本人トップのおっぱい大百科BEST AV史上No.1女体コレクション 103巨乳103SEXスペシャル","OFJE-473 日本人トップのおっぱい大百科BEST AV史上No.1女体コレクション 103巨乳103SEXスペシャル","OFJE-473","2024-12-06","480分鐘","","エスワン ナンバーワンスタイル","S1 NO.1 STYLE","S1 GIRLS COLLECTION","乳交、合集、戀乳癖、高畫質、超乳、巨乳、DMM獨家","多人","https://www.javbus.com/OFJE-473"
"OFJE-470 宙に浮くほどイキ反り飛び跳ねる！今世紀S1女優たちが一番絶頂した瞬間100本番","OFJE-470 宙に浮くほどイキ反り飛び跳ねる！今世紀S1女優たちが一番絶頂した瞬間100本番","OFJE-470","2024-11-22","480分鐘","","エスワン ナンバーワンスタイル","S1 NO.1 STYLE","S1 GIRLS COLLECTION","苗條、潮吹、花癡、高畫質、巨乳、アクメ・オーガズム、DMM獨家","多人","https://www.javbus.com/OFJE-470"
"OFJE-469 エスワン20周年記念作品 日本No.1女優メーカーS1全史で最も売れた42タイトル詰め合わせ12時間100本番ベスト","OFJE-469 エスワン20周年記念作品 日本No.1女優メーカーS1全史で最も売れた42タイトル詰め合わせ12時間100本番ベスト","OFJE-469","2024-11-22","720分鐘","","エスワン ナンバーワンスタイル","S1 NO.1 STYLE","S1 GIRLS COLLECTION","苗條、合集、美少女、乳房、高畫質、巨乳、DMM獨家","多人","https://www.javbus.com/OFJE-469"
"OFJE-467 あざといを通り越して、魔性のおっぱい！男を狂わせるボインお姉さんと巨乳堪能96SEX100射精","OFJE-467 あざといを通り越して、魔性のおっぱい！男を狂わせるボインお姉さんと巨乳堪能96SEX100射精","OFJE-467","2024-11-08","460分鐘","","エスワン ナンバーワンスタイル","S1 NO.1 STYLE","S1 GIRLS COLLECTION","蕩婦、乳交、合集、戀乳癖、女上位、高畫質、DMM獨家","多人","https://www.javbus.com/OFJE-467"
"OFJE-465 あのS1女優も絶対服従！！ 口とマ●コ同時に肉棒ぶち込み抵抗が出来ない串挿し乱交","OFJE-465 あのS1女優も絶対服従！！ 口とマ●コ同時に肉棒ぶち込み抵抗が出来ない串挿し乱交","OFJE-465","2024-11-08","460分鐘","","エスワン ナンバーワンスタイル","S1 NO.1 STYLE","S1 GIRLS COLLECTION","濫交、合集、花癡、深喉、高畫質、アクメ・オーガズム、DMM獨家","多人","https://www.javbus.com/OFJE-465"
"SIVR-379 【VR】超豪華S1専属女優27名×超スーパー最高画質 S1史上初！8KVRベスト 没入感にこだわった厳選SEX27コーナー1000分オーバー","SIVR-379 【VR】超豪華S1専属女優27名×超スーパー最高画質 S1史上初！8KVRベスト 没入感にこだわった厳選SEX27コーナー1000分オーバー","SIVR-379","2024-11-05","1162分鐘","","エスワン ナンバーワンスタイル","S1 VR","S1 VR","合集、美少女、主觀視角、16時間以上作品、キス・接吻、VR専用、巨乳、ハイクオリティVR、DMM獨家、8KVR","多人","https://www.javbus.com/SIVR-379"
"OFJE-462 国宝級の美顔女優が男を見つめながらいやらしく全力シコシコしてくれる！超・快・感！手コキ98連射ラッシュ エスワン超絶人気だった手コキベストが2年ぶり大復活！","OFJE-462 国宝級の美顔女優が男を見つめながらいやらしく全力シコシコしてくれる！超・快・感！手コキ98連射ラッシュ エスワン超絶人気だった手コキベストが2年ぶり大復活！","OFJE-462","2024-10-18","460分鐘","","エスワン ナンバーワンスタイル","S1 NO.1 STYLE","S1 GIRLS COLLECTION","淫語、美少女、主觀視角、高畫質、オナサポ、DMM獨家、打手槍","多人","https://www.javbus.com/OFJE-462"
"OFJE-459 エロいイキ顔！揺れ弾む美巨乳！エグれる美クビレ！ 神ボディ女優の三美一体を同時堪能する最高の体位！立ちバック大・大・大絶頂100本番","OFJE-459 エロいイキ顔！揺れ弾む美巨乳！エグれる美クビレ！ 神ボディ女優の三美一体を同時堪能する最高の体位！立ちバック大・大・大絶頂100本番","OFJE-459","2024-10-04","240分鐘","","エスワン ナンバーワンスタイル","S1 NO.1 STYLE","S1 GIRLS COLLECTION","合集、花癡、高畫質、巨乳、アクメ・オーガズム、バック、DMM獨家","多人","https://www.javbus.com/OFJE-459"
"OFJE-458 日本で最も騎乗位が似合う最高峰スタイル女優たちの激しく美しく舞い踊り快楽に溺れる騎乗位ラッシュ100連発 8時間","OFJE-458 日本で最も騎乗位が似合う最高峰スタイル女優たちの激しく美しく舞い踊り快楽に溺れる騎乗位ラッシュ100連発 8時間","OFJE-458","2024-10-04","480分鐘","","エスワン ナンバーワンスタイル","S1 NO.1 STYLE","S1 GIRLS COLLECTION","合集、花癡、美少女、女上位、高畫質、アクメ・オーガズム、DMM獨家","多人","https://www.javbus.com/OFJE-458"
"OFJE-455 高嶺の花が絶対服従させられ玩具や肉棒を好き放題ぶち込まれるM堕ち美人100SPECIAL","OFJE-455 高嶺の花が絶対服従させられ玩具や肉棒を好き放題ぶち込まれるM堕ち美人100SPECIAL","OFJE-455","2024-09-20","470分鐘","","エスワン ナンバーワンスタイル","S1 NO.1 STYLE","S1 GIRLS COLLECTION","苗條、潮吹、拘束、高畫質、巨乳、アクメ・オーガズム、DMM獨家","多人","https://www.javbus.com/OFJE-455"
"OFJE-454 3.2.1ドピュ～！！ めちゃカワ顔面へ思いっきり精液ブチ撒ける至高の顔射255連発BEST","OFJE-454 3.2.1ドピュ～！！ めちゃカワ顔面へ思いっきり精液ブチ撒ける至高の顔射255連発BEST","OFJE-454","2024-09-20","480分鐘","","エスワン ナンバーワンスタイル","S1 NO.1 STYLE","S1 GIRLS COLLECTION","口交、合集、美少女、高畫質、顏射、DMM獨家","多人","https://www.javbus.com/OFJE-454"
"OFJE-453 トップS1女優のアヘ顔も結合部も同時に堪能できる貴重アングル！超美女なのに超下品！ぬき挿し丸見えオーガズム100本番","OFJE-453 トップS1女優のアヘ顔も結合部も同時に堪能できる貴重アングル！超美女なのに超下品！ぬき挿し丸見えオーガズム100本番","OFJE-453","2024-09-06","480分鐘","","エスワン ナンバーワンスタイル","S1 NO.1 STYLE","S1 GIRLS COLLECTION","偶像藝人、潮吹、花癡、高畫質、巨乳、アクメ・オーガズム、DMM獨家","多人","https://www.javbus.com/OFJE-453"
"OFJE-451 ボン！キュ！ボン！日本人では激レアボディ豊満かつクビレお姉さんと100射精8時間","OFJE-451 ボン！キュ！ボン！日本人では激レアボディ豊満かつクビレお姉さんと100射精8時間","OFJE-451","2024-08-23","480分鐘","","エスワン ナンバーワンスタイル","S1 NO.1 STYLE","S1 GIRLS COLLECTION","苗條、偶像藝人、戀乳癖、乳房、高畫質、アクメ・オーガズム、DMM獨家","多人","https://www.javbus.com/OFJE-451"
"OFJE-450 S1女優81名の最高潮のイクイク！！ フィニッシュ前で盛り上がるクライマックス絶頂シーンだけ収録！！ 射精寸前ピストンラッシュ165連発","OFJE-450 S1女優81名の最高潮のイクイク！！ フィニッシュ前で盛り上がるクライマックス絶頂シーンだけ収録！！ 射精寸前ピストンラッシュ165連発","OFJE-450","2024-08-23","480分鐘","","エスワン ナンバーワンスタイル","S1 NO.1 STYLE","S1 GIRLS COLLECTION","花癡、高畫質、顏射、巨乳、アクメ・オーガズム、DMM獨家","多人","https://www.javbus.com/OFJE-450"
"OFJE-605 「柔らか谷間に何度も出しなさい！」 射精直前の超快感パイズリラッシュ オール巨乳女優オール挟射100連発！","OFJE-605 「柔らか谷間に何度も出しなさい！」 射精直前の超快感パイズリラッシュ オール巨乳女優オール挟射100連発！","OFJE-605","2024-07-26","240分鐘","","エスワン ナンバーワンスタイル","S1 NO.1 STYLE","S1 GIRLS COLLECTION","乳交、合集、美少女、高畫質、超乳、巨乳、DMM獨家","多人","https://www.javbus.com/OFJE-605"
"OFJE-575 禁欲しすぎてケダモノと化した女たち猿なみ腰振り！快感の雄叫び！痙攣のけ反り！メス本能むき出し66交尾","OFJE-575 禁欲しすぎてケダモノと化した女たち猿なみ腰振り！快感の雄叫び！痙攣のけ反り！メス本能むき出し66交尾","OFJE-575","2024-07-19","480分鐘","","エスワン ナンバーワンスタイル","S1 NO.1 STYLE","S1 GIRLS COLLECTION","玩具、偶像藝人、潮吹、花癡、高畫質、アクメ・オーガズム、DMM獨家","多人","https://www.javbus.com/OFJE-575"
"OFJE-573 H.I.J.K カップ揃い踏み！ S1が誇る100万人に1人の超乳女優 100コーナーBEST","OFJE-573 H.I.J.K カップ揃い踏み！ S1が誇る100万人に1人の超乳女優 100コーナーBEST","OFJE-573","2024-07-05","480分鐘","","エスワン ナンバーワンスタイル","S1 NO.1 STYLE","S1 GIRLS COLLECTION","乳交、合集、戀乳癖、高畫質、超乳、アクメ・オーガズム、DMM獨家","多人","https://www.javbus.com/OFJE-573"
"OFJE-572 美女と野獣の群れ！ヤリたい男達に囲まれ次々と連続でイカされまくる イクイクイクイク100乱交","OFJE-572 美女と野獣の群れ！ヤリたい男達に囲まれ次々と連続でイカされまくる イクイクイクイク100乱交","OFJE-572","2024-07-05","480分鐘","","エスワン ナンバーワンスタイル","S1 NO.1 STYLE","S1 GIRLS COLLECTION","濫交、合集、花癡、美少女、高畫質、アクメ・オーガズム、DMM獨家","多人","https://www.javbus.com/OFJE-572"
"OFJE-568 ここまでエッロい仰け反り大絶頂！女体ビクビクおま●こブルブル！イッた直後に肉弾ピストン100本番","OFJE-568 ここまでエッロい仰け反り大絶頂！女体ビクビクおま●こブルブル！イッた直後に肉弾ピストン100本番","OFJE-568","2024-05-24","480分鐘","","エスワン ナンバーワンスタイル","S1 NO.1 STYLE","S1 GIRLS COLLECTION","苗條、合集、花癡、高畫質、巨乳、アクメ・オーガズム、DMM獨家","多人","https://www.javbus.com/OFJE-568"
"OFJE-565 日本で最も美しい顔トップ100 2023年度版","OFJE-565 日本で最も美しい顔トップ100 2023年度版","OFJE-565","2024-05-10","960分鐘","","エスワン ナンバーワンスタイル","S1 NO.1 STYLE","S1 GIRLS COLLECTION","苗條、偶像藝人、合集、美少女、高畫質、巨乳、DMM獨家","多人","https://www.javbus.com/OFJE-565"
"OFJE-566 「イイ女すぎるんで犯していいすか？」高嶺の花たちが性的虐●にメスイキする屈辱レ●プ8時間","OFJE-566 「イイ女すぎるんで犯していいすか？」高嶺の花たちが性的虐●にメスイキする屈辱レ●プ8時間","OFJE-566","2024-05-10","480分鐘","","エスワン ナンバーワンスタイル","S1 NO.1 STYLE","S1 GIRLS COLLECTION","合集、深喉、高畫質、出軌、巨乳、アクメ・オーガズム、DMM獨家","多人","https://www.javbus.com/OFJE-566"
"OFJE-564 おっぱいマニアを絶対満足させる美しき名器おっぱい14種コンプリートベスト8時間","OFJE-564 おっぱいマニアを絶対満足させる美しき名器おっぱい14種コンプリートベスト8時間","OFJE-564","2024-04-26","480分鐘","","エスワン ナンバーワンスタイル","S1 NO.1 STYLE","S1 GIRLS COLLECTION","乳交、合集、戀乳癖、高畫質、超乳、巨乳、DMM獨家","多人","https://www.javbus.com/OFJE-564"
"OFJE-562 絶対美女たちが汁だくでイキまくる！S1女優が唾液、汗、潮、愛液ぐちゃぐちゃ恥じらいブっ飛び没頭する体液まみれ100SEX","OFJE-562 絶対美女たちが汁だくでイキまくる！S1女優が唾液、汗、潮、愛液ぐちゃぐちゃ恥じらいブっ飛び没頭する体液まみれ100SEX","OFJE-562","2024-04-19","480分鐘","","エスワン ナンバーワンスタイル","S1 NO.1 STYLE","S1 GIRLS COLLECTION","苗條、合集、花癡、高畫質、汗だく、巨乳、アクメ・オーガズム、DMM獨家","多人","https://www.javbus.com/OFJE-562"
"OFJE-557 気持ぢいいぃー！とイッた直後に下から突き上げ激ピストン97本番","OFJE-557 気持ぢいいぃー！とイッた直後に下から突き上げ激ピストン97本番","OFJE-557","2024-03-22","470分鐘","","エスワン ナンバーワンスタイル","S1 NO.1 STYLE","S1 GIRLS COLLECTION","合集、花癡、高畫質、超乳、巨乳、アクメ・オーガズム、DMM獨家","多人","https://www.javbus.com/OFJE-557"
"OFJE-556 最高美女による最高ベロキス 脳ミソとろけ肉棒ギン勃つ唾液みどろ150接吻性交12時間スペシャル","OFJE-556 最高美女による最高ベロキス 脳ミソとろけ肉棒ギン勃つ唾液みどろ150接吻性交12時間スペシャル","OFJE-556","2024-03-08","720分鐘","","エスワン ナンバーワンスタイル","S1 NO.1 STYLE","S1 GIRLS COLLECTION","合集、花癡、美少女、高畫質、キス・接吻、DMM獨家","多人","https://www.javbus.com/OFJE-556"
"OFJE-555 スリムなのに巨乳！奇跡ボディを持つスーパー女優たち 50本番8時間","OFJE-555 スリムなのに巨乳！奇跡ボディを持つスーパー女優たち 50本番8時間","OFJE-555","2024-03-08","480分鐘","","エスワン ナンバーワンスタイル","S1 NO.1 STYLE","S1 GIRLS COLLECTION","苗條、合集、戀乳癖、高畫質、巨乳、DMM獨家","多人","https://www.javbus.com/OFJE-555"
"OFJE-552 日本で最も美しい女優ベスト28 【2023年版】 102セックス15時間","OFJE-552 日本で最も美しい女優ベスト28 【2023年版】 102セックス15時間","OFJE-552","2024-02-09","930分鐘","","エスワン ナンバーワンスタイル","S1 NO.1 STYLE","S1 GIRLS COLLECTION","苗條、合集、乳房、高畫質、巨乳、DMM獨家","多人","https://www.javbus.com/OFJE-552"
"OFJE-449 美人が脱いだら巨乳美人だった！！ この奇跡が何度も勃起させる 大興奮の68射精7時間","OFJE-449 美人が脱いだら巨乳美人だった！！ この奇跡が何度も勃起させる 大興奮の68射精7時間","OFJE-449","2024-01-26","470分鐘","","エスワン ナンバーワンスタイル","S1 NO.1 STYLE","S1 GIRLS COLLECTION","苗條、合集、美少女、乳房、高畫質、巨乳、DMM獨家","多人","https://www.javbus.com/OFJE-449"
"OFJE-446 大・迫・力の暴れる爆乳おっぱい騎乗位100本番！ S1美女かつ巨乳かつ肉感溢れる映像にこだわり尽くしたイキ喘ぐ美顔と乳揺れ堪能ロデオファック8時間","OFJE-446 大・迫・力の暴れる爆乳おっぱい騎乗位100本番！ S1美女かつ巨乳かつ肉感溢れる映像にこだわり尽くしたイキ喘ぐ美顔と乳揺れ堪能ロデオファック8時間","OFJE-446","2024-01-19","480分鐘","","エスワン ナンバーワンスタイル","S1 NO.1 STYLE","S1 GIRLS COLLECTION","蕩婦、合集、花癡、女上位、高畫質、巨乳、DMM獨家","多人","https://www.javbus.com/OFJE-446"
"OFJE-447 日本一の超単体AVメーカーS1 全女優368名から選ばれしFANZA女優ランキングにランクインした本当に業界トップのセクシー女優39名","OFJE-447 日本一の超単体AVメーカーS1 全女優368名から選ばれしFANZA女優ランキングにランクインした本当に業界トップのセクシー女優39名","OFJE-447","2024-01-19","480分鐘","","エスワン ナンバーワンスタイル","S1 NO.1 STYLE","S1 GIRLS COLLECTION","苗條、合集、美少女、高畫質、巨乳、DMM獨家","多人","https://www.javbus.com/OFJE-447"
"OFJE-445 一番シコれるS1美女の絶頂シーン収録！ イキっぱなし玩具責め、音速手マン、超吸引クンニ、巨根膣奥ピストンS1ベスト作品史上、過去最大トランス大絶頂94コーナー","OFJE-445 一番シコれるS1美女の絶頂シーン収録！ イキっぱなし玩具責め、音速手マン、超吸引クンニ、巨根膣奥ピストンS1ベスト作品史上、過去最大トランス大絶頂94コーナー","OFJE-445","2024-01-05","480分鐘","","エスワン ナンバーワンスタイル","S1 NO.1 STYLE","S1 GIRLS COLLECTION","玩具、合集、花癡、高畫質、巨乳、アクメ・オーガズム、DMM獨家","多人","https://www.javbus.com/OFJE-445"
"OFJE-442 ガチでAV史上最高レベルのオンナ達！顔も身体も知名度も芸能人以上のS1女優31名大結集！ 日本一の単体メーカーで過去10年に最も売れた100タイトルをギュギュっと収録！ 超豪華16時間4枚組スペシャル","OFJE-442 ガチでAV史上最高レベルのオンナ達！顔も身体も知名度も芸能人以上のS1女優31名大結集！ 日本一の単体メーカーで過去10年に最も売れた100タイトルをギュギュっと収録！ 超豪華16時間4枚組スペシャル","OFJE-442","2023-12-22","960分鐘","","エスワン ナンバーワンスタイル","S1 NO.1 STYLE","S1 GIRLS COLLECTION","合集、多P、女上位、高畫質、巨乳、DMM獨家","多人","https://www.javbus.com/OFJE-442"
"OFJE-441 迫りくる巨乳！巨尻！SSS級の女体！ S1スーパーボディ22体の超肉感を堪能する究極接写アングルAV8時間","OFJE-441 迫りくる巨乳！巨尻！SSS級の女体！ S1スーパーボディ22体の超肉感を堪能する究極接写アングルAV8時間","OFJE-441","2023-12-08","480分鐘","","エスワン ナンバーワンスタイル","S1 NO.1 STYLE","S1 GIRLS COLLECTION","合集、高畫質、巨尻、巨乳、DMM獨家、局部特寫","多人","https://www.javbus.com/OFJE-441"
"SSIS-950 出張先ホテルで美女上司2人とまさかの相部屋… ダブルJカップという神展開で朝まで爆乳に挟まれヌイてもらった奇跡の一夜 鷲尾めい 凪ひかる","SSIS-950 出張先ホテルで美女上司2人とまさかの相部屋… ダブルJカップという神展開で朝まで爆乳に挟まれヌイてもらった奇跡の一夜 鷲尾めい 凪ひかる","SSIS-950","2023-11-24","152分鐘","五右衛門","エスワン ナンバーワンスタイル","S1 NO.1 STYLE","","蕩婦、乳交、多P、高畫質、ハーレム、巨乳、4K、DMM獨家","多人","https://www.javbus.com/SSIS-950"
"OFJE-439 業界トップクラス美巨乳をあえて生地越しに愛でる！ 【デカパイ強調ニット/スポコス/透けシャツ/はみ乳のエロス】着衣おっぱい美女と38回セックス","OFJE-439 業界トップクラス美巨乳をあえて生地越しに愛でる！ 【デカパイ強調ニット/スポコス/透けシャツ/はみ乳のエロス】着衣おっぱい美女と38回セックス","OFJE-439","2023-11-24","480分鐘","","エスワン ナンバーワンスタイル","S1 NO.1 STYLE","S1 GIRLS COLLECTION","乳交、合集、戀乳癖、高畫質、巨乳、DMM獨家","多人","https://www.javbus.com/OFJE-439"
"OFJE-437 100％ヌケる保証！豪華S1女優たちが完全主観で射精のお手伝いBEST キスからフィニッシュまでじ～っくりアナタを見つめてちんちん気持ちよくしてあげる","OFJE-437 100％ヌケる保証！豪華S1女優たちが完全主観で射精のお手伝いBEST キスからフィニッシュまでじ～っくりアナタを見つめてちんちん気持ちよくしてあげる","OFJE-437","2023-11-10","480分鐘","","エスワン ナンバーワンスタイル","S1 NO.1 STYLE","S1 GIRLS COLLECTION","口交、乳交、合集、高畫質、オナサポ、巨乳、DMM獨家","多人","https://www.javbus.com/OFJE-437"
"OFJE-433 反ってうねって全身でイク！ 35名の美女が細胞レベルで絶頂する膣奥ぶっ挿しマッスルピストンBEST91本番7時間","OFJE-433 反ってうねって全身でイク！ 35名の美女が細胞レベルで絶頂する膣奥ぶっ挿しマッスルピストンBEST91本番7時間","OFJE-433","2023-10-20","440分鐘","","エスワン ナンバーワンスタイル","S1 NO.1 STYLE","S1 GIRLS COLLECTION","合集、花癡、女上位、高畫質、アクメ・オーガズム、DMM獨家","多人","https://www.javbus.com/OFJE-433"
